Candidate_ID,Job_Category,Years_Experience,Education_Level,Skill_Fit_Score,AI_Score,Human_Score,AI_Decision,Human_Decision,Final_Decision,Score_Divergence,Decision_Agreement
20000,HR Specialist,16,PhD,55.09,41.45,40.68,0,0,0,0.77,1
20001,Marketing Manager,0,Bachelors,9.77,6.69,0.0,0,0,0,6.69,1
20002,Software Engineer,11,PhD,60.09,44.05,49.92,0,0,0,-5.87,1
20003,Data Analyst,8,Bachelors,29.71,33.61,23.96,0,0,0,9.65,1
20004,Data Analyst,9,Masters,58.1,58.55,70.97,0,1,1,-12.42,0
20005,Software Engineer,14,Bachelors,68.62,55.26,71.72,0,1,1,-16.46,0
20006,HR Specialist,13,Bachelors,47.06,50.33,50.41,0,0,0,-0.08,1
20007,Marketing Manager,14,Associate,33.79,35.02,38.61,0,0,0,-3.59,1
20008,Data Analyst,20,Bachelors,60.08,42.15,51.01,0,0,0,-8.86,1
20009,Marketing Manager,18,PhD,76.64,68.81,82.73,1,1,1,-13.92,1
20010,Software Engineer,10,Masters,79.18,74.29,79.42,1,1,1,-5.13,1
20011,Software Engineer,8,Associate,20.39,29.49,32.59,0,0,0,-3.1,1
20012,Software Engineer,1,Masters,17.76,24.46,34.43,0,0,0,-9.97,1
20013,HR Specialist,0,Bachelors,15.93,12.2,8.15,0,0,0,4.05,1
20014,HR Specialist,7,Associate,17.35,23.92,34.58,0,0,0,-10.66,1
20015,Marketing Manager,17,Masters,78.79,60.15,86.02,0,1,1,-25.87,0
20016,Marketing Manager,10,Bachelors,14.55,0.37,19.81,0,0,0,-19.44,1
20017,Software Engineer,10,Bachelors,24.05,12.88,32.39,0,0,0,-19.51,1
20018,HR Specialist,12,Bachelors,51.8,45.38,57.22,0,0,0,-11.84,1
20019,Software Engineer,17,PhD,83.5,84.17,75.61,1,1,1,8.56,1
20020,Marketing Manager,3,Bachelors,16.48,11.73,12.85,0,0,0,-1.12,1
20021,Data Analyst,20,Bachelors,91.18,90.17,100.0,1,1,1,-9.83,1
20022,Data Analyst,18,Associate,33.59,34.49,37.2,0,0,0,-2.71,1
20023,Software Engineer,15,Masters,58.22,44.25,46.72,0,0,0,-2.47,1
20024,Data Analyst,18,Masters,70.21,74.27,84.92,1,1,1,-10.65,1
20025,Marketing Manager,8,Bachelors,24.25,20.93,40.76,0,0,0,-19.83,1
20026,Marketing Manager,3,Masters,28.95,12.01,40.71,0,0,0,-28.7,1
20027,HR Specialist,20,Masters,68.87,73.92,78.87,1,1,1,-4.95,1
20028,Data Analyst,7,Bachelors,42.74,37.15,59.33,0,0,0,-22.18,1
20029,HR Specialist,15,Bachelors,51.91,43.76,59.52,0,0,0,-15.76,1
20030,Software Engineer,20,Bachelors,70.71,74.36,77.35,1,1,1,-2.99,1
20031,HR Specialist,9,PhD,58.9,58.63,80.02,0,1,1,-21.39,0
20032,HR Specialist,20,PhD,100.0,97.59,94.01,1,1,1,3.58,1
20033,Marketing Manager,10,Masters,38.74,37.95,51.1,0,0,0,-13.15,1
20034,Software Engineer,10,Masters,40.16,31.67,43.97,0,0,0,-12.3,1
20035,Software Engineer,17,Masters,59.04,56.59,64.61,0,0,0,-8.02,1
20036,Marketing Manager,16,Bachelors,40.09,25.31,38.89,0,0,0,-13.58,1
20037,Data Analyst,13,Bachelors,27.51,24.04,39.83,0,0,0,-15.79,1
20038,Software Engineer,10,Bachelors,42.89,23.24,42.71,0,0,0,-19.47,1
20039,Data Analyst,19,Bachelors,68.34,64.77,61.65,0,0,0,3.12,1
20040,HR Specialist,3,Bachelors,20.21,5.03,26.0,0,0,0,-20.97,1
20041,Data Analyst,7,Bachelors,44.54,37.2,46.2,0,0,0,-9.0,1
20042,Data Analyst,0,Bachelors,8.5,0.0,7.34,0,0,0,-7.34,1
20043,Marketing Manager,12,Masters,55.15,51.01,15.77,0,0,0,35.24,1
20044,Software Engineer,8,PhD,48.16,38.45,63.38,0,0,0,-24.93,1
20045,Marketing Manager,12,Associate,41.14,30.33,26.06,0,0,0,4.27,1
20046,HR Specialist,8,Masters,57.03,47.73,58.53,0,0,0,-10.8,1
20047,HR Specialist,4,Bachelors,31.64,13.89,25.11,0,0,0,-11.22,1
20048,Data Analyst,2,Bachelors,14.35,9.03,25.79,0,0,0,-16.76,1
20049,Software Engineer,2,Bachelors,26.02,26.24,16.52,0,0,0,9.72,1
20050,Marketing Manager,18,Masters,76.42,79.67,70.83,1,1,1,8.84,1
20051,HR Specialist,12,Bachelors,32.22,38.01,60.43,0,0,0,-22.42,1
20052,Data Analyst,3,Bachelors,29.39,34.2,42.54,0,0,0,-8.34,1
20053,Marketing Manager,18,Associate,61.8,69.36,88.76,1,1,1,-19.4,1
20054,HR Specialist,9,Bachelors,14.55,0.0,15.58,0,0,0,-15.58,1
20055,HR Specialist,1,Masters,6.7,12.94,7.56,0,0,0,5.38,1
20056,Marketing Manager,14,Masters,45.31,31.51,60.88,0,0,0,-29.37,1
20057,Data Analyst,16,Bachelors,38.89,38.35,41.33,0,0,0,-2.98,1
20058,Marketing Manager,0,Bachelors,16.78,13.34,2.88,0,0,0,10.46,1
20059,HR Specialist,11,Associate,29.79,37.19,34.67,0,0,0,2.52,1
20060,Marketing Manager,11,Bachelors,38.85,44.06,47.49,0,0,0,-3.43,1
20061,Software Engineer,8,Bachelors,23.08,35.72,26.48,0,0,0,9.24,1
20062,Marketing Manager,16,Bachelors,46.52,48.02,43.73,0,0,0,4.29,1
20063,Marketing Manager,3,Masters,44.13,27.32,36.88,0,0,0,-9.56,1
20064,Data Analyst,20,Masters,73.05,76.38,82.49,1,1,1,-6.11,1
20065,Software Engineer,7,Masters,29.23,14.54,36.5,0,0,0,-21.96,1
20066,Data Analyst,1,Bachelors,17.44,16.68,22.75,0,0,0,-6.07,1
20067,Marketing Manager,15,Masters,48.35,41.4,56.15,0,0,0,-14.75,1
20068,Data Analyst,9,Bachelors,46.33,40.55,54.52,0,0,0,-13.97,1
20069,HR Specialist,10,Bachelors,35.92,31.21,29.6,0,0,0,1.61,1
20070,HR Specialist,6,Bachelors,34.02,21.28,30.32,0,0,0,-9.04,1
20071,Software Engineer,9,Bachelors,35.0,26.78,26.44,0,0,0,0.34,1
20072,Data Analyst,4,Bachelors,26.22,25.66,19.39,0,0,0,6.27,1
20073,Marketing Manager,17,Masters,55.05,47.65,64.94,0,0,0,-17.29,1
20074,Marketing Manager,1,Bachelors,2.57,0.0,0.0,0,0,0,0.0,1
20075,Software Engineer,1,Bachelors,15.63,0.19,14.23,0,0,0,-14.04,1
20076,HR Specialist,7,Bachelors,36.16,22.09,34.42,0,0,0,-12.33,1
20077,Data Analyst,13,Masters,63.43,46.09,50.47,0,0,0,-4.38,1
20078,HR Specialist,9,Bachelors,37.33,24.26,18.28,0,0,0,5.98,1
20079,Software Engineer,0,Masters,29.51,15.52,17.66,0,0,0,-2.14,1
20080,Software Engineer,11,Masters,61.28,51.72,61.8,0,0,0,-10.08,1
20081,Data Analyst,4,Bachelors,31.47,32.58,24.35,0,0,0,8.23,1
20082,Software Engineer,16,Bachelors,58.24,62.29,73.03,0,1,1,-10.74,0
20083,Marketing Manager,14,Masters,47.78,31.92,36.82,0,0,0,-4.9,1
20084,Marketing Manager,0,Bachelors,10.42,11.08,15.73,0,0,0,-4.65,1
20085,Data Analyst,18,Bachelors,50.78,43.72,64.37,0,0,0,-20.65,1
20086,Marketing Manager,16,Bachelors,50.37,43.35,44.94,0,0,0,-1.59,1
20087,Marketing Manager,9,Masters,73.25,62.39,71.88,0,1,1,-9.49,0
20088,HR Specialist,9,Masters,44.33,48.31,68.75,0,0,0,-20.44,1
20089,Software Engineer,3,Bachelors,17.67,22.3,15.56,0,0,0,6.74,1
20090,Marketing Manager,19,Bachelors,71.36,63.9,75.38,0,1,1,-11.48,0
20091,Data Analyst,17,Bachelors,50.11,35.14,73.29,0,1,1,-38.15,0
20092,Data Analyst,11,Bachelors,38.54,47.44,39.51,0,0,0,7.93,1
20093,Software Engineer,13,Bachelors,59.7,43.3,70.81,0,1,1,-27.51,0
20094,HR Specialist,0,Bachelors,21.96,28.25,24.09,0,0,0,4.16,1
20095,Software Engineer,7,Masters,36.94,23.58,20.62,0,0,0,2.96,1
20096,Data Analyst,8,Masters,36.31,37.34,37.43,0,0,0,-0.09,1
20097,Data Analyst,1,Bachelors,33.62,20.0,35.37,0,0,0,-15.37,1
20098,Marketing Manager,6,Bachelors,20.32,18.87,28.06,0,0,0,-9.19,1
20099,Marketing Manager,2,Bachelors,19.79,7.47,15.07,0,0,0,-7.6,1
20100,Software Engineer,8,Associate,16.19,25.54,13.1,0,0,0,12.44,1
20101,Data Analyst,13,Masters,46.1,47.7,45.77,0,0,0,1.93,1
20102,HR Specialist,17,Masters,76.88,70.42,68.73,1,0,1,1.69,0
20103,Software Engineer,20,Bachelors,74.15,76.49,86.15,1,1,1,-9.66,1
20104,Marketing Manager,12,Masters,57.46,59.4,64.22,0,0,0,-4.82,1
20105,Software Engineer,6,Bachelors,25.03,31.84,22.46,0,0,0,9.38,1
20106,Software Engineer,5,Bachelors,24.2,15.4,25.08,0,0,0,-9.68,1
20107,Data Analyst,16,Bachelors,54.92,57.31,57.47,0,0,0,-0.16,1
20108,Marketing Manager,19,Bachelors,48.28,50.54,56.28,0,0,0,-5.74,1
20109,Marketing Manager,5,Bachelors,27.44,25.12,30.4,0,0,0,-5.28,1
20110,Data Analyst,7,Bachelors,24.69,15.61,33.61,0,0,0,-18.0,1
20111,HR Specialist,18,PhD,71.55,80.1,72.06,1,1,1,8.04,1
20112,Software Engineer,15,Bachelors,46.49,50.48,67.4,0,0,0,-16.92,1
20113,Software Engineer,6,Bachelors,22.91,7.82,25.83,0,0,0,-18.01,1
20114,Marketing Manager,9,Masters,46.24,34.4,52.51,0,0,0,-18.11,1
20115,Data Analyst,2,Bachelors,11.18,8.44,10.13,0,0,0,-1.69,1
20116,HR Specialist,11,Masters,57.62,56.99,59.99,0,0,0,-3.0,1
20117,Software Engineer,3,Bachelors,32.43,23.27,29.5,0,0,0,-6.23,1
20118,Marketing Manager,20,Associate,43.01,37.6,42.48,0,0,0,-4.88,1
20119,Marketing Manager,4,Bachelors,39.71,43.49,60.52,0,0,0,-17.03,1
20120,Data Analyst,8,Bachelors,42.77,43.24,31.83,0,0,0,11.41,1
20121,Data Analyst,4,Masters,27.64,32.53,39.82,0,0,0,-7.29,1
20122,Marketing Manager,3,Masters,20.14,7.87,40.33,0,0,0,-32.46,1
20123,HR Specialist,0,Bachelors,3.32,4.93,0.0,0,0,0,4.93,1
20124,HR Specialist,0,Bachelors,24.54,23.05,44.62,0,0,0,-21.57,1
20125,Marketing Manager,5,Associate,26.19,23.97,31.92,0,0,0,-7.95,1
20126,HR Specialist,10,PhD,56.42,51.85,54.01,0,0,0,-2.16,1
20127,Data Analyst,4,Bachelors,19.0,16.7,31.34,0,0,0,-14.64,1
20128,Data Analyst,1,Bachelors,10.95,1.94,23.19,0,0,0,-21.25,1
20129,Marketing Manager,3,Bachelors,25.29,36.67,16.12,0,0,0,20.55,1
20130,HR Specialist,6,Bachelors,14.13,0.0,14.0,0,0,0,-14.0,1
20131,Software Engineer,7,Bachelors,38.79,33.39,52.49,0,0,0,-19.1,1
20132,HR Specialist,20,Masters,72.05,68.25,65.89,1,0,1,2.36,0
20133,Marketing Manager,3,Masters,40.16,24.14,30.27,0,0,0,-6.13,1
20134,Software Engineer,0,Bachelors,14.64,15.73,0.0,0,0,0,15.73,1
20135,HR Specialist,1,Masters,46.08,43.74,30.75,0,0,0,12.99,1
20136,Data Analyst,9,Masters,52.37,42.02,58.03,0,0,0,-16.01,1
20137,Software Engineer,4,Masters,34.62,19.01,39.09,0,0,0,-20.08,1
20138,HR Specialist,11,Masters,71.77,65.38,71.48,1,1,1,-6.1,1
20139,HR Specialist,9,Bachelors,28.11,15.92,20.77,0,0,0,-4.85,1
20140,Software Engineer,8,PhD,35.25,40.87,22.83,0,0,0,18.04,1
20141,Marketing Manager,3,Associate,18.78,9.21,0.0,0,0,0,9.21,1
20142,Marketing Manager,17,Bachelors,68.85,62.67,67.19,0,0,0,-4.52,1
20143,Data Analyst,1,Bachelors,14.0,14.07,14.45,0,0,0,-0.38,1
20144,Software Engineer,16,Masters,62.82,61.39,63.05,0,0,0,-1.66,1
20145,Software Engineer,9,Associate,29.4,30.08,15.53,0,0,0,14.55,1
20146,Marketing Manager,10,Masters,63.88,60.72,69.36,0,0,0,-8.64,1
20147,Marketing Manager,17,Bachelors,52.89,55.91,47.31,0,0,0,8.6,1
20148,Software Engineer,7,Bachelors,28.8,25.6,29.4,0,0,0,-3.8,1
20149,Software Engineer,5,Associate,17.0,15.14,10.65,0,0,0,4.49,1
20150,HR Specialist,17,Bachelors,61.01,55.01,58.69,0,0,0,-3.68,1
20151,Data Analyst,11,Masters,54.12,34.95,57.74,0,0,0,-22.79,1
20152,Marketing Manager,1,Masters,26.3,15.14,25.37,0,0,0,-10.23,1
20153,Data Analyst,6,Bachelors,21.41,6.36,39.51,0,0,0,-33.15,1
20154,HR Specialist,18,Masters,63.09,53.5,65.08,0,0,0,-11.58,1
20155,HR Specialist,10,Masters,51.11,57.59,63.48,0,0,0,-5.89,1
20156,Software Engineer,17,Bachelors,73.77,70.17,75.94,1,1,1,-5.77,1
20157,Software Engineer,0,Bachelors,20.7,6.69,10.55,0,0,0,-3.86,1
20158,Software Engineer,9,Bachelors,40.4,21.49,53.59,0,0,0,-32.1,1
20159,Marketing Manager,17,Bachelors,42.83,35.82,68.67,0,0,0,-32.85,1
20160,Software Engineer,2,Bachelors,19.68,15.75,12.46,0,0,0,3.29,1
20161,Data Analyst,19,Associate,51.45,39.08,43.01,0,0,0,-3.93,1
20162,Marketing Manager,19,Associate,58.9,55.21,71.39,0,1,1,-16.18,0
20163,HR Specialist,3,Associate,23.41,13.48,19.63,0,0,0,-6.15,1
20164,Marketing Manager,14,Associate,46.46,32.06,55.16,0,0,0,-23.1,1
20165,HR Specialist,17,Masters,71.35,69.26,60.36,1,0,1,8.9,0
20166,Marketing Manager,0,Bachelors,7.37,0.0,4.42,0,0,0,-4.42,1
20167,Data Analyst,11,Bachelors,21.46,14.56,19.68,0,0,0,-5.12,1
20168,Software Engineer,15,Bachelors,60.46,60.73,66.14,0,0,0,-5.41,1
20169,HR Specialist,8,Bachelors,40.49,34.5,36.89,0,0,0,-2.39,1
20170,Marketing Manager,18,Bachelors,65.87,52.54,67.05,0,0,0,-14.51,1
20171,Marketing Manager,4,Masters,30.33,17.04,28.82,0,0,0,-11.78,1
20172,Marketing Manager,16,Masters,70.68,64.1,56.0,0,0,0,8.1,1
20173,Marketing Manager,12,Masters,71.16,60.53,64.51,0,0,0,-3.98,1
20174,Data Analyst,5,Bachelors,14.74,6.82,13.75,0,0,0,-6.93,1
20175,Data Analyst,14,Bachelors,36.33,36.54,52.18,0,0,0,-15.64,1
20176,HR Specialist,12,Masters,50.85,29.22,55.03,0,0,0,-25.81,1
20177,Software Engineer,18,Masters,72.64,57.48,64.14,0,0,0,-6.66,1
20178,Software Engineer,6,Masters,45.2,52.2,54.76,0,0,0,-2.56,1
20179,HR Specialist,8,Bachelors,33.11,14.31,54.42,0,0,0,-40.11,1
20180,Marketing Manager,7,Bachelors,46.0,42.18,52.89,0,0,0,-10.71,1
20181,Marketing Manager,8,Masters,52.42,53.68,61.53,0,0,0,-7.85,1
20182,Software Engineer,18,Masters,60.53,50.08,69.85,0,0,0,-19.77,1
20183,Data Analyst,20,Bachelors,72.83,75.32,86.02,1,1,1,-10.7,1
20184,Marketing Manager,6,Bachelors,18.11,16.2,10.53,0,0,0,5.67,1
20185,Software Engineer,3,Bachelors,19.49,15.33,29.59,0,0,0,-14.26,1
20186,Data Analyst,12,Bachelors,40.71,23.14,55.8,0,0,0,-32.66,1
20187,Data Analyst,13,Masters,47.34,46.46,40.2,0,0,0,6.26,1
20188,HR Specialist,10,Bachelors,23.54,11.71,42.82,0,0,0,-31.11,1
20189,HR Specialist,12,Masters,51.96,40.74,79.64,0,1,1,-38.9,0
20190,Data Analyst,10,PhD,63.65,71.16,61.18,1,0,1,9.98,0
20191,Data Analyst,14,Bachelors,58.91,54.24,61.18,0,0,0,-6.94,1
20192,Data Analyst,16,Bachelors,56.22,43.38,54.44,0,0,0,-11.06,1
20193,HR Specialist,8,Bachelors,50.68,42.2,70.22,0,1,1,-28.02,0
20194,Marketing Manager,11,Bachelors,26.89,21.88,29.18,0,0,0,-7.3,1
20195,Software Engineer,19,Bachelors,81.96,86.66,79.24,1,1,1,7.42,1
20196,HR Specialist,10,PhD,66.21,53.38,72.9,0,1,1,-19.52,0
20197,HR Specialist,20,Bachelors,71.91,54.74,67.16,0,0,0,-12.42,1
20198,HR Specialist,9,Associate,41.57,52.02,63.84,0,0,0,-11.82,1
20199,Data Analyst,0,Masters,15.96,20.47,23.39,0,0,0,-2.92,1
20200,Software Engineer,1,Masters,20.31,20.03,42.14,0,0,0,-22.11,1
20201,Data Analyst,17,Bachelors,53.82,53.91,61.3,0,0,0,-7.39,1
20202,Software Engineer,9,Masters,46.57,48.3,49.39,0,0,0,-1.09,1
20203,Data Analyst,0,Associate,9.31,0.0,12.61,0,0,0,-12.61,1
20204,Software Engineer,13,PhD,62.05,53.56,65.98,0,0,0,-12.42,1
20205,HR Specialist,13,Bachelors,46.48,39.33,48.49,0,0,0,-9.16,1
20206,Marketing Manager,5,PhD,55.14,45.33,59.13,0,0,0,-13.8,1
20207,HR Specialist,19,PhD,74.04,73.53,77.63,1,1,1,-4.1,1
20208,Marketing Manager,1,Masters,32.55,20.95,43.89,0,0,0,-22.94,1
20209,Marketing Manager,14,Bachelors,55.12,58.04,65.39,0,0,0,-7.35,1
20210,Software Engineer,15,Masters,74.22,77.66,77.23,1,1,1,0.43,1
20211,Software Engineer,14,PhD,79.36,85.59,78.4,1,1,1,7.19,1
20212,Software Engineer,1,Masters,48.28,51.33,30.03,0,0,0,21.3,1
20213,Software Engineer,9,Masters,41.2,41.12,24.28,0,0,0,16.84,1
20214,Marketing Manager,20,Associate,50.21,34.33,56.53,0,0,0,-22.2,1
20215,Data Analyst,16,PhD,61.33,42.41,73.09,0,1,1,-30.68,0
20216,Data Analyst,9,Bachelors,36.4,17.14,32.03,0,0,0,-14.89,1
20217,HR Specialist,0,PhD,31.52,33.07,35.15,0,0,0,-2.08,1
20218,HR Specialist,14,PhD,71.88,53.21,60.25,0,0,0,-7.04,1
20219,Software Engineer,0,Associate,0.0,0.0,0.66,0,0,0,-0.66,1
20220,Marketing Manager,3,PhD,22.54,8.33,31.82,0,0,0,-23.49,1
20221,HR Specialist,18,PhD,69.22,48.08,73.26,0,1,1,-25.18,0
20222,Software Engineer,9,Bachelors,23.61,0.0,40.54,0,0,0,-40.54,1
20223,Data Analyst,0,Bachelors,24.57,24.61,24.27,0,0,0,0.34,1
20224,Data Analyst,14,Masters,69.85,51.49,79.31,0,1,1,-27.82,0
20225,Software Engineer,1,Bachelors,26.14,21.35,28.29,0,0,0,-6.94,1
20226,HR Specialist,17,Masters,94.91,91.11,100.0,1,1,1,-8.89,1
20227,HR Specialist,10,Bachelors,57.33,37.32,65.86,0,0,0,-28.54,1
20228,Marketing Manager,13,Bachelors,32.52,29.94,48.87,0,0,0,-18.93,1
20229,Data Analyst,3,PhD,39.37,22.17,43.96,0,0,0,-21.79,1
20230,HR Specialist,7,Bachelors,37.1,28.95,36.8,0,0,0,-7.85,1
20231,Software Engineer,18,PhD,88.9,76.16,92.13,1,1,1,-15.97,1
20232,HR Specialist,14,Associate,34.07,39.15,36.75,0,0,0,2.4,1
20233,Data Analyst,12,Bachelors,40.52,32.7,44.34,0,0,0,-11.64,1
20234,Data Analyst,13,PhD,68.77,73.3,72.77,1,1,1,0.53,1
20235,Software Engineer,2,Bachelors,0.0,0.0,0.0,0,0,0,0.0,1
20236,Data Analyst,16,Associate,38.07,36.65,35.25,0,0,0,1.4,1
20237,HR Specialist,3,Masters,26.31,20.58,0.0,0,0,0,20.58,1
20238,Software Engineer,10,Masters,49.78,46.5,67.07,0,0,0,-20.57,1
20239,Software Engineer,4,Masters,38.96,43.66,22.07,0,0,0,21.59,1
20240,HR Specialist,4,Associate,0.0,3.63,0.0,0,0,0,3.63,1
20241,HR Specialist,17,Masters,56.63,51.0,76.39,0,1,1,-25.39,0
20242,Marketing Manager,1,Bachelors,19.49,9.83,16.58,0,0,0,-6.75,1
20243,HR Specialist,6,Bachelors,32.38,30.23,65.0,0,0,0,-34.77,1
20244,Software Engineer,12,Bachelors,49.43,47.57,52.11,0,0,0,-4.54,1
20245,HR Specialist,11,Bachelors,56.21,58.31,70.35,0,1,1,-12.04,0
20246,Data Analyst,6,Associate,34.55,20.98,30.27,0,0,0,-9.29,1
20247,Software Engineer,15,Masters,59.32,52.19,54.22,0,0,0,-2.03,1
20248,HR Specialist,2,Associate,1.88,0.0,14.74,0,0,0,-14.74,1
20249,Marketing Manager,20,Bachelors,67.48,60.98,79.22,0,1,1,-18.24,0
20250,Marketing Manager,1,Masters,23.35,12.11,16.82,0,0,0,-4.71,1
20251,Software Engineer,18,Bachelors,62.44,68.22,84.93,1,1,1,-16.71,1
20252,Data Analyst,3,Masters,36.73,30.4,36.84,0,0,0,-6.44,1
20253,Software Engineer,9,Masters,26.25,13.95,34.77,0,0,0,-20.82,1
20254,HR Specialist,17,Bachelors,55.46,56.3,30.33,0,0,0,25.97,1
20255,Software Engineer,4,Masters,40.13,22.76,33.0,0,0,0,-10.24,1
20256,Data Analyst,14,PhD,83.15,74.16,89.87,1,1,1,-15.71,1
20257,Marketing Manager,3,Masters,23.66,27.45,27.9,0,0,0,-0.45,1
20258,HR Specialist,11,Bachelors,23.58,10.83,17.75,0,0,0,-6.92,1
20259,Data Analyst,15,Masters,60.09,46.88,54.66,0,0,0,-7.78,1
20260,Marketing Manager,2,Bachelors,16.03,12.88,8.02,0,0,0,4.86,1
20261,Software Engineer,10,Masters,56.32,52.24,52.89,0,0,0,-0.65,1
20262,Software Engineer,13,Masters,70.17,69.93,62.04,1,0,1,7.89,0
20263,Marketing Manager,6,Bachelors,11.98,0.58,14.07,0,0,0,-13.49,1
20264,HR Specialist,13,Bachelors,40.35,30.75,48.01,0,0,0,-17.26,1
20265,Data Analyst,12,Bachelors,44.19,30.36,39.33,0,0,0,-8.97,1
20266,Marketing Manager,14,PhD,51.88,54.74,62.41,0,0,0,-7.67,1
20267,HR Specialist,8,Masters,32.01,16.4,29.56,0,0,0,-13.16,1
20268,Data Analyst,7,Masters,63.38,62.58,77.15,0,1,1,-14.57,0
20269,HR Specialist,4,Bachelors,28.23,20.21,33.9,0,0,0,-13.69,1
20270,HR Specialist,8,Masters,45.2,36.31,34.88,0,0,0,1.43,1
20271,Software Engineer,20,Masters,86.76,99.19,92.33,1,1,1,6.86,1
20272,HR Specialist,3,Masters,49.52,39.9,62.67,0,0,0,-22.77,1
20273,Marketing Manager,20,Masters,82.25,68.55,88.19,1,1,1,-19.64,1
20274,Marketing Manager,17,Masters,56.39,38.53,40.54,0,0,0,-2.01,1
20275,Marketing Manager,1,Bachelors,14.07,5.05,0.0,0,0,0,5.05,1
20276,HR Specialist,3,PhD,42.8,41.34,23.07,0,0,0,18.27,1
20277,Marketing Manager,20,Masters,76.22,67.16,91.62,1,1,1,-24.46,1
20278,Marketing Manager,16,Masters,75.1,74.22,76.39,1,1,1,-2.17,1
20279,Software Engineer,1,Masters,26.9,13.39,32.66,0,0,0,-19.27,1
20280,HR Specialist,14,Masters,70.12,51.7,62.35,0,0,0,-10.65,1
20281,Data Analyst,16,Masters,57.17,61.22,49.34,0,0,0,11.88,1
20282,Marketing Manager,4,Bachelors,17.77,13.44,23.51,0,0,0,-10.07,1
20283,Software Engineer,14,PhD,77.29,74.83,72.92,1,1,1,1.91,1
20284,Data Analyst,5,Masters,25.92,13.28,14.61,0,0,0,-1.33,1
20285,Marketing Manager,16,Associate,50.57,52.62,47.16,0,0,0,5.46,1
20286,HR Specialist,1,PhD,37.73,43.76,30.5,0,0,0,13.26,1
20287,Software Engineer,3,Masters,57.96,56.24,65.32,0,0,0,-9.08,1
20288,Software Engineer,11,Associate,29.32,12.31,44.89,0,0,0,-32.58,1
20289,Software Engineer,8,Associate,28.54,28.57,41.35,0,0,0,-12.78,1
20290,Marketing Manager,3,Bachelors,18.62,22.23,37.65,0,0,0,-15.42,1
20291,Software Engineer,7,Associate,11.7,12.48,6.12,0,0,0,6.36,1
20292,Marketing Manager,8,Masters,44.22,32.47,20.54,0,0,0,11.93,1
20293,HR Specialist,9,Masters,27.88,18.16,22.56,0,0,0,-4.4,1
20294,Marketing Manager,10,Bachelors,45.03,30.73,30.33,0,0,0,0.4,1
20295,Software Engineer,9,Masters,50.89,32.07,63.29,0,0,0,-31.22,1
20296,Data Analyst,5,Bachelors,29.87,32.27,40.97,0,0,0,-8.7,1
20297,Marketing Manager,8,Bachelors,24.71,16.26,33.9,0,0,0,-17.64,1
20298,Software Engineer,9,Masters,42.14,45.04,65.7,0,0,0,-20.66,1
20299,Data Analyst,10,Masters,47.3,42.97,48.63,0,0,0,-5.66,1
20300,Software Engineer,14,Masters,70.41,65.3,89.0,1,1,1,-23.7,1
20301,Marketing Manager,6,Bachelors,30.96,21.28,41.46,0,0,0,-20.18,1
20302,HR Specialist,11,Associate,45.21,38.67,39.62,0,0,0,-0.95,1
20303,HR Specialist,19,Associate,39.9,39.15,49.86,0,0,0,-10.71,1
20304,Software Engineer,17,Bachelors,44.59,32.46,56.4,0,0,0,-23.94,1
20305,HR Specialist,6,Bachelors,34.23,25.9,13.86,0,0,0,12.04,1
20306,HR Specialist,17,PhD,74.81,68.5,79.64,1,1,1,-11.14,1
20307,Data Analyst,10,PhD,59.44,47.09,87.31,0,1,1,-40.22,0
20308,Data Analyst,0,Bachelors,0.0,1.49,0.0,0,0,0,1.49,1
20309,HR Specialist,4,Bachelors,24.15,18.37,39.22,0,0,0,-20.85,1
20310,HR Specialist,4,Bachelors,21.85,0.0,19.78,0,0,0,-19.78,1
20311,Marketing Manager,6,Masters,31.9,17.44,32.6,0,0,0,-15.16,1
20312,Marketing Manager,8,Bachelors,14.16,5.66,20.03,0,0,0,-14.37,1
20313,Marketing Manager,8,Bachelors,40.02,36.57,56.02,0,0,0,-19.45,1
20314,HR Specialist,2,Masters,43.86,48.1,36.92,0,0,0,11.18,1
20315,Marketing Manager,16,Masters,68.06,62.88,57.95,0,0,0,4.93,1
20316,Software Engineer,11,Bachelors,40.01,36.83,57.53,0,0,0,-20.7,1
20317,Marketing Manager,18,Associate,44.17,26.81,35.96,0,0,0,-9.15,1
20318,HR Specialist,6,Bachelors,4.21,0.0,0.0,0,0,0,0.0,1
20319,Software Engineer,16,Bachelors,61.89,61.01,58.69,0,0,0,2.32,1
20320,Data Analyst,4,Bachelors,38.85,41.5,29.93,0,0,0,11.57,1
20321,Software Engineer,6,PhD,47.85,31.82,48.55,0,0,0,-16.73,1
20322,Data Analyst,5,Masters,66.78,55.23,72.43,0,1,1,-17.2,0
20323,Data Analyst,10,Masters,54.14,37.84,59.88,0,0,0,-22.04,1
20324,Marketing Manager,18,Masters,66.9,66.36,85.01,1,1,1,-18.65,1
20325,Software Engineer,5,Bachelors,20.0,15.84,18.97,0,0,0,-3.13,1
20326,HR Specialist,10,Bachelors,33.05,31.29,51.25,0,0,0,-19.96,1
20327,Software Engineer,8,Bachelors,17.22,5.43,29.78,0,0,0,-24.35,1
20328,Marketing Manager,16,Bachelors,45.06,37.5,31.42,0,0,0,6.08,1
20329,Software Engineer,11,Bachelors,43.25,41.44,44.94,0,0,0,-3.5,1
20330,Data Analyst,9,Associate,22.28,20.23,33.15,0,0,0,-12.92,1
20331,HR Specialist,2,PhD,46.94,42.55,44.84,0,0,0,-2.29,1
20332,Software Engineer,6,PhD,47.33,37.81,57.05,0,0,0,-19.24,1
20333,Software Engineer,9,Masters,60.53,48.32,50.37,0,0,0,-2.05,1
20334,HR Specialist,5,Masters,37.61,39.9,17.91,0,0,0,21.99,1
20335,Marketing Manager,13,Bachelors,39.03,30.23,23.96,0,0,0,6.27,1
20336,Software Engineer,13,Masters,46.04,42.43,42.67,0,0,0,-0.24,1
20337,Marketing Manager,15,Bachelors,46.01,49.39,50.47,0,0,0,-1.08,1
20338,HR Specialist,12,Masters,56.07,53.64,53.66,0,0,0,-0.02,1
20339,HR Specialist,2,Bachelors,24.28,27.94,38.83,0,0,0,-10.89,1
20340,HR Specialist,1,Masters,30.52,30.6,60.77,0,0,0,-30.17,1
20341,HR Specialist,8,Bachelors,61.12,47.44,54.93,0,0,0,-7.49,1
20342,Software Engineer,0,Associate,19.31,23.72,19.59,0,0,0,4.13,1
20343,HR Specialist,0,Masters,28.85,33.31,9.59,0,0,0,23.72,1
20344,HR Specialist,3,Bachelors,34.06,39.21,53.27,0,0,0,-14.06,1
20345,HR Specialist,12,Bachelors,35.72,14.27,29.45,0,0,0,-15.18,1
20346,HR Specialist,3,Bachelors,27.32,10.23,42.55,0,0,0,-32.32,1
20347,Marketing Manager,0,Masters,26.99,20.31,20.61,0,0,0,-0.3,1
20348,Marketing Manager,18,Bachelors,51.61,42.52,45.07,0,0,0,-2.55,1
20349,Marketing Manager,3,Bachelors,17.43,13.86,28.59,0,0,0,-14.73,1
20350,HR Specialist,0,Associate,1.3,0.0,0.0,0,0,0,0.0,1
20351,Marketing Manager,3,Masters,30.19,27.54,26.3,0,0,0,1.24,1
20352,Marketing Manager,18,Bachelors,52.22,40.67,27.72,0,0,0,12.95,1
20353,Data Analyst,6,PhD,56.11,48.84,43.03,0,0,0,5.81,1
20354,Marketing Manager,17,Masters,53.65,38.65,55.51,0,0,0,-16.86,1
20355,Marketing Manager,8,Associate,17.87,9.02,33.02,0,0,0,-24.0,1
20356,Marketing Manager,19,Bachelors,60.39,60.64,69.87,0,0,0,-9.23,1
20357,HR Specialist,16,Associate,50.07,42.94,43.68,0,0,0,-0.74,1
20358,HR Specialist,18,Masters,63.16,49.47,49.36,0,0,0,0.11,1
20359,Data Analyst,18,Masters,83.71,65.77,78.79,1,1,1,-13.02,1
20360,Software Engineer,14,Bachelors,25.77,38.53,33.3,0,0,0,5.23,1
20361,Data Analyst,20,Bachelors,57.72,48.6,60.06,0,0,0,-11.46,1
20362,Software Engineer,18,Masters,71.51,76.65,69.24,1,0,1,7.41,0
20363,Software Engineer,18,Masters,59.81,52.44,76.54,0,1,1,-24.1,0
20364,Marketing Manager,13,Masters,52.9,42.83,45.53,0,0,0,-2.7,1
20365,Marketing Manager,11,Bachelors,43.15,37.47,49.93,0,0,0,-12.46,1
20366,Data Analyst,0,PhD,37.71,32.5,34.99,0,0,0,-2.49,1
20367,Data Analyst,20,Bachelors,52.23,50.53,48.16,0,0,0,2.37,1
20368,Software Engineer,1,Masters,9.2,1.39,16.6,0,0,0,-15.21,1
20369,Software Engineer,6,Bachelors,47.25,44.9,45.39,0,0,0,-0.49,1
20370,Data Analyst,9,Bachelors,33.78,35.99,48.9,0,0,0,-12.91,1
20371,HR Specialist,0,Bachelors,30.1,33.54,39.76,0,0,0,-6.22,1
20372,Marketing Manager,8,PhD,56.46,42.71,32.66,0,0,0,10.05,1
20373,Software Engineer,13,Masters,55.52,32.52,59.68,0,0,0,-27.16,1
20374,Marketing Manager,13,Bachelors,49.11,44.35,57.22,0,0,0,-12.87,1
20375,HR Specialist,8,Bachelors,58.62,67.88,65.39,1,0,1,2.49,0
20376,Software Engineer,12,Associate,22.71,8.56,15.69,0,0,0,-7.13,1
20377,HR Specialist,0,Masters,31.02,36.08,44.59,0,0,0,-8.51,1
20378,Marketing Manager,9,Bachelors,30.49,13.39,36.46,0,0,0,-23.07,1
20379,Data Analyst,18,Bachelors,69.59,64.72,72.38,0,1,1,-7.66,0
20380,HR Specialist,19,Bachelors,79.44,67.49,67.37,1,0,1,0.12,0
20381,Software Engineer,5,Bachelors,25.31,16.45,39.68,0,0,0,-23.23,1
20382,Software Engineer,3,Bachelors,33.03,22.01,51.18,0,0,0,-29.17,1
20383,Software Engineer,1,Masters,43.43,25.72,38.09,0,0,0,-12.37,1
20384,Marketing Manager,20,Masters,69.19,58.39,71.22,0,1,1,-12.83,0
20385,Marketing Manager,3,PhD,49.5,35.71,38.63,0,0,0,-2.92,1
20386,Software Engineer,1,Bachelors,22.84,22.16,17.01,0,0,0,5.15,1
20387,Marketing Manager,11,Masters,56.33,46.02,39.05,0,0,0,6.97,1
20388,Software Engineer,1,Bachelors,27.69,26.66,19.48,0,0,0,7.18,1
20389,HR Specialist,16,Bachelors,54.32,57.82,50.46,0,0,0,7.36,1
20390,Data Analyst,4,Associate,0.0,0.0,1.88,0,0,0,-1.88,1
20391,Data Analyst,14,Bachelors,36.87,26.31,14.61,0,0,0,11.7,1
20392,Software Engineer,0,Associate,4.29,0.0,39.18,0,0,0,-39.18,1
20393,HR Specialist,20,Bachelors,91.79,100.0,94.91,1,1,1,5.09,1
20394,Marketing Manager,13,PhD,62.05,43.38,54.25,0,0,0,-10.87,1
20395,Marketing Manager,16,Masters,64.61,60.03,73.62,0,1,1,-13.59,0
20396,Software Engineer,18,Bachelors,48.34,44.01,63.09,0,0,0,-19.08,1
20397,HR Specialist,19,Masters,77.72,67.11,84.34,1,1,1,-17.23,1
20398,HR Specialist,5,Bachelors,35.63,30.55,56.13,0,0,0,-25.58,1
20399,Data Analyst,0,Bachelors,27.45,13.88,9.65,0,0,0,4.23,1
20400,HR Specialist,16,Masters,69.15,72.03,76.04,1,1,1,-4.01,1
20401,HR Specialist,13,Associate,35.17,15.5,49.93,0,0,0,-34.43,1
20402,Data Analyst,2,Masters,40.37,36.24,54.81,0,0,0,-18.57,1
20403,Marketing Manager,9,Bachelors,28.76,27.78,20.04,0,0,0,7.74,1
20404,Marketing Manager,0,Masters,11.44,0.0,5.54,0,0,0,-5.54,1
20405,HR Specialist,10,Associate,32.14,23.03,9.55,0,0,0,13.48,1
20406,Marketing Manager,12,Bachelors,49.12,52.98,52.34,0,0,0,0.64,1
20407,Data Analyst,11,PhD,69.34,66.7,66.15,1,0,1,0.55,0
20408,HR Specialist,2,PhD,40.49,40.13,49.16,0,0,0,-9.03,1
20409,Marketing Manager,10,Bachelors,47.41,47.95,56.57,0,0,0,-8.62,1
20410,Marketing Manager,7,Masters,35.98,22.65,33.49,0,0,0,-10.84,1
20411,Software Engineer,8,Bachelors,34.88,19.55,40.74,0,0,0,-21.19,1
20412,HR Specialist,4,PhD,49.26,46.01,60.02,0,0,0,-14.01,1
20413,Software Engineer,1,Bachelors,29.31,22.7,29.14,0,0,0,-6.44,1
20414,Software Engineer,5,Masters,50.28,48.58,39.42,0,0,0,9.16,1
20415,Data Analyst,18,Bachelors,51.6,53.43,59.87,0,0,0,-6.44,1
20416,HR Specialist,18,Masters,75.73,78.52,78.81,1,1,1,-0.29,1
20417,HR Specialist,1,Bachelors,22.37,10.86,38.41,0,0,0,-27.55,1
20418,Data Analyst,14,Masters,59.82,62.23,65.16,0,0,0,-2.93,1
20419,Marketing Manager,12,PhD,80.93,88.74,77.24,1,1,1,11.5,1
20420,Software Engineer,9,Bachelors,39.98,24.76,49.89,0,0,0,-25.13,1
20421,Software Engineer,11,PhD,55.67,44.62,48.94,0,0,0,-4.32,1
20422,HR Specialist,14,PhD,49.49,47.68,64.01,0,0,0,-16.33,1
20423,Marketing Manager,4,Masters,36.38,27.1,35.98,0,0,0,-8.88,1
20424,Data Analyst,19,Bachelors,81.74,73.04,85.7,1,1,1,-12.66,1
20425,HR Specialist,9,Bachelors,40.22,24.1,53.87,0,0,0,-29.77,1
20426,Software Engineer,1,Bachelors,33.99,23.37,33.34,0,0,0,-9.97,1
20427,Data Analyst,0,Masters,37.07,26.82,41.15,0,0,0,-14.33,1
20428,Marketing Manager,15,Masters,77.59,64.98,79.51,0,1,1,-14.53,0
20429,Marketing Manager,12,Bachelors,49.76,46.02,39.31,0,0,0,6.71,1
20430,Marketing Manager,10,Masters,57.78,47.53,55.82,0,0,0,-8.29,1
20431,Marketing Manager,6,Bachelors,44.17,26.72,49.72,0,0,0,-23.0,1
20432,Software Engineer,0,Bachelors,9.06,0.0,16.81,0,0,0,-16.81,1
20433,Data Analyst,20,Bachelors,59.41,45.36,61.93,0,0,0,-16.57,1
20434,HR Specialist,6,Masters,25.88,6.95,43.2,0,0,0,-36.25,1
20435,Data Analyst,10,Masters,50.01,39.72,51.09,0,0,0,-11.37,1
20436,Data Analyst,18,Masters,78.04,60.15,88.24,0,1,1,-28.09,0
20437,HR Specialist,19,Masters,74.23,64.77,62.67,0,0,0,2.1,1
20438,HR Specialist,0,PhD,38.73,24.48,46.05,0,0,0,-21.57,1
20439,Software Engineer,9,Bachelors,27.99,22.16,24.01,0,0,0,-1.85,1
20440,Data Analyst,8,Masters,46.78,43.81,49.08,0,0,0,-5.27,1
20441,HR Specialist,12,PhD,62.48,58.67,64.05,0,0,0,-5.38,1
20442,HR Specialist,13,Masters,55.04,51.82,56.51,0,0,0,-4.69,1
20443,Software Engineer,4,Bachelors,1.73,0.0,9.15,0,0,0,-9.15,1
20444,Data Analyst,11,Bachelors,41.87,35.7,35.21,0,0,0,0.49,1
20445,Data Analyst,2,Bachelors,14.57,6.82,26.26,0,0,0,-19.44,1
20446,Marketing Manager,2,Masters,36.88,37.79,42.14,0,0,0,-4.35,1
20447,HR Specialist,18,Bachelors,70.68,67.16,82.62,1,1,1,-15.46,1
20448,HR Specialist,10,Bachelors,42.57,34.21,35.17,0,0,0,-0.96,1
20449,Data Analyst,0,Bachelors,16.86,14.83,10.47,0,0,0,4.36,1
20450,HR Specialist,0,Bachelors,0.0,0.0,0.0,0,0,0,0.0,1
20451,Marketing Manager,9,PhD,47.55,45.24,44.98,0,0,0,0.26,1
20452,Data Analyst,7,Bachelors,22.41,11.69,20.17,0,0,0,-8.48,1
20453,HR Specialist,13,Bachelors,45.77,47.32,37.64,0,0,0,9.68,1
20454,Marketing Manager,6,Bachelors,26.57,30.39,31.46,0,0,0,-1.07,1
20455,HR Specialist,3,PhD,44.85,34.13,52.29,0,0,0,-18.16,1
20456,Data Analyst,11,Masters,63.81,47.2,57.42,0,0,0,-10.22,1
20457,Software Engineer,20,Bachelors,68.86,57.9,70.56,0,1,1,-12.66,0
20458,Marketing Manager,19,Masters,65.08,61.5,65.2,0,0,0,-3.7,1
20459,Software Engineer,15,Bachelors,55.19,40.04,47.64,0,0,0,-7.6,1
20460,Marketing Manager,10,Bachelors,34.51,31.52,30.71,0,0,0,0.81,1
20461,HR Specialist,15,Bachelors,53.38,37.84,46.89,0,0,0,-9.05,1
20462,Software Engineer,14,Bachelors,60.07,65.17,40.94,1,0,1,24.23,0
20463,Data Analyst,4,Associate,2.35,0.0,9.39,0,0,0,-9.39,1
20464,HR Specialist,18,Bachelors,66.75,65.4,70.36,1,1,1,-4.96,1
20465,Data Analyst,16,Masters,57.35,46.42,66.63,0,0,0,-20.21,1
20466,Software Engineer,2,Bachelors,25.85,6.71,21.84,0,0,0,-15.13,1
20467,Marketing Manager,9,Bachelors,38.81,23.61,32.66,0,0,0,-9.05,1
20468,Data Analyst,14,Bachelors,67.84,57.27,69.35,0,0,0,-12.08,1
20469,Data Analyst,20,PhD,93.53,87.88,100.0,1,1,1,-12.12,1
20470,Marketing Manager,2,Associate,0.0,0.0,0.0,0,0,0,0.0,1
20471,Marketing Manager,19,Masters,68.19,67.9,88.13,1,1,1,-20.23,1
20472,HR Specialist,14,Masters,59.96,60.44,75.34,0,1,1,-14.9,0
20473,Marketing Manager,2,Masters,26.36,13.92,12.27,0,0,0,1.65,1
20474,Data Analyst,15,Bachelors,71.68,65.24,84.61,1,1,1,-19.37,1
20475,Marketing Manager,8,PhD,48.4,40.62,52.26,0,0,0,-11.64,1
20476,HR Specialist,10,Masters,36.2,36.12,46.47,0,0,0,-10.35,1
20477,HR Specialist,1,Masters,30.26,20.79,28.52,0,0,0,-7.73,1
20478,Data Analyst,11,Bachelors,40.83,24.72,50.52,0,0,0,-25.8,1
20479,Data Analyst,3,Bachelors,45.36,42.15,51.68,0,0,0,-9.53,1
20480,Data Analyst,18,Bachelors,63.1,45.53,45.31,0,0,0,0.22,1
20481,Data Analyst,11,Bachelors,40.42,30.11,52.35,0,0,0,-22.24,1
20482,Data Analyst,0,Associate,11.7,14.94,20.59,0,0,0,-5.65,1
20483,HR Specialist,5,Associate,9.14,0.0,15.64,0,0,0,-15.64,1
20484,Data Analyst,3,Associate,0.0,1.97,2.09,0,0,0,-0.12,1
20485,HR Specialist,8,Masters,40.02,41.54,40.81,0,0,0,0.73,1
20486,Data Analyst,13,Bachelors,26.99,22.38,37.09,0,0,0,-14.71,1
20487,Software Engineer,20,Bachelors,63.13,64.53,59.55,0,0,0,4.98,1
20488,Data Analyst,1,Bachelors,5.6,0.0,7.16,0,0,0,-7.16,1
20489,Data Analyst,10,Bachelors,22.23,19.37,32.85,0,0,0,-13.48,1
20490,Data Analyst,14,Bachelors,26.83,26.13,40.19,0,0,0,-14.06,1
20491,Data Analyst,4,PhD,51.1,50.47,52.18,0,0,0,-1.71,1
20492,Marketing Manager,12,Bachelors,33.08,32.53,44.0,0,0,0,-11.47,1
20493,Software Engineer,19,Bachelors,80.93,74.73,77.25,1,1,1,-2.52,1
20494,Marketing Manager,3,Bachelors,26.48,17.5,28.7,0,0,0,-11.2,1
20495,Data Analyst,17,Bachelors,43.71,36.53,35.93,0,0,0,0.6,1
20496,Marketing Manager,18,PhD,84.36,68.39,90.95,1,1,1,-22.56,1
20497,Data Analyst,14,PhD,72.66,59.99,84.22,0,1,1,-24.23,0
20498,HR Specialist,4,Bachelors,35.04,20.92,37.0,0,0,0,-16.08,1
20499,Data Analyst,17,PhD,100.0,92.52,100.0,1,1,1,-7.48,1
20500,Marketing Manager,20,Bachelors,55.76,60.76,58.67,0,0,0,2.09,1
20501,Data Analyst,7,Bachelors,46.73,33.76,36.39,0,0,0,-2.63,1
20502,Data Analyst,0,Bachelors,31.71,35.21,41.19,0,0,0,-5.98,1
20503,Data Analyst,11,Bachelors,44.07,30.05,53.65,0,0,0,-23.6,1
20504,Software Engineer,0,Masters,27.57,11.35,26.92,0,0,0,-15.57,1
20505,HR Specialist,1,Bachelors,24.62,20.2,21.82,0,0,0,-1.62,1
20506,Marketing Manager,5,Masters,22.94,30.03,10.47,0,0,0,19.56,1
20507,HR Specialist,16,Masters,68.69,59.12,64.34,0,0,0,-5.22,1
20508,HR Specialist,12,Masters,74.41,60.95,68.53,0,0,0,-7.58,1
20509,Software Engineer,4,Bachelors,17.56,7.71,19.49,0,0,0,-11.78,1
20510,Marketing Manager,3,Masters,36.71,29.07,35.04,0,0,0,-5.97,1
20511,HR Specialist,12,Masters,59.6,42.89,57.88,0,0,0,-14.99,1
20512,HR Specialist,6,Masters,31.97,19.65,0.72,0,0,0,18.93,1
20513,Software Engineer,2,PhD,55.05,40.12,52.12,0,0,0,-12.0,1
20514,Data Analyst,18,Bachelors,70.72,75.81,70.92,1,1,1,4.89,1
20515,HR Specialist,19,Associate,44.11,46.81,49.89,0,0,0,-3.08,1
20516,HR Specialist,19,Bachelors,72.69,61.85,71.62,0,1,1,-9.77,0
20517,HR Specialist,14,Bachelors,61.41,48.51,70.16,0,1,1,-21.65,0
20518,Software Engineer,4,Masters,44.59,47.25,59.04,0,0,0,-11.79,1
20519,Marketing Manager,9,Associate,22.23,20.68,23.77,0,0,0,-3.09,1
20520,HR Specialist,6,Bachelors,39.34,34.88,49.31,0,0,0,-14.43,1
20521,Data Analyst,17,Masters,65.11,54.39,48.77,0,0,0,5.62,1
20522,HR Specialist,18,Bachelors,50.38,31.87,56.17,0,0,0,-24.3,1
20523,Software Engineer,19,Associate,54.85,58.29,68.72,0,0,0,-10.43,1
20524,HR Specialist,6,Masters,40.8,33.18,36.5,0,0,0,-3.32,1
20525,Marketing Manager,2,Masters,30.41,21.62,38.45,0,0,0,-16.83,1
20526,Data Analyst,13,Bachelors,49.59,36.37,42.12,0,0,0,-5.75,1
20527,Data Analyst,18,Bachelors,64.33,49.13,57.86,0,0,0,-8.73,1
20528,Software Engineer,13,Bachelors,63.4,45.98,40.72,0,0,0,5.26,1
20529,Software Engineer,4,Associate,13.55,1.81,17.69,0,0,0,-15.88,1
20530,Data Analyst,0,Bachelors,1.11,0.0,0.0,0,0,0,0.0,1
20531,HR Specialist,17,Bachelors,46.71,33.22,64.11,0,0,0,-30.89,1
20532,HR Specialist,19,Masters,66.13,62.85,86.61,0,1,1,-23.76,0
20533,Software Engineer,0,Bachelors,21.74,12.32,17.05,0,0,0,-4.73,1
20534,Data Analyst,0,Associate,0.0,0.0,2.77,0,0,0,-2.77,1
20535,Marketing Manager,5,Associate,12.35,0.0,6.32,0,0,0,-6.32,1
20536,Data Analyst,7,Bachelors,20.34,22.66,37.63,0,0,0,-14.97,1
20537,HR Specialist,18,Bachelors,73.99,72.85,79.42,1,1,1,-6.57,1
20538,Software Engineer,14,Bachelors,44.96,48.02,38.14,0,0,0,9.88,1
20539,Data Analyst,3,Bachelors,7.63,16.71,18.16,0,0,0,-1.45,1
20540,Marketing Manager,14,Bachelors,46.54,31.28,37.01,0,0,0,-5.73,1
20541,Data Analyst,19,PhD,83.22,76.6,81.53,1,1,1,-4.93,1
20542,Marketing Manager,2,Masters,19.28,4.38,17.64,0,0,0,-13.26,1
20543,HR Specialist,2,PhD,48.19,51.88,36.42,0,0,0,15.46,1
20544,HR Specialist,0,Bachelors,12.62,2.89,7.03,0,0,0,-4.14,1
20545,Marketing Manager,12,Bachelors,42.55,52.7,33.57,0,0,0,19.13,1
20546,HR Specialist,14,Bachelors,44.04,38.7,31.13,0,0,0,7.57,1
20547,Marketing Manager,14,Masters,67.21,53.73,58.05,0,0,0,-4.32,1
20548,Data Analyst,3,Bachelors,26.52,17.38,15.57,0,0,0,1.81,1
20549,Data Analyst,8,Bachelors,40.38,42.46,41.74,0,0,0,0.72,1
20550,Data Analyst,1,Masters,30.28,14.51,37.04,0,0,0,-22.53,1
20551,HR Specialist,3,Bachelors,21.35,22.25,21.33,0,0,0,0.92,1
20552,Software Engineer,11,Masters,62.24,48.92,50.12,0,0,0,-1.2,1
20553,Software Engineer,4,Masters,23.92,30.94,33.86,0,0,0,-2.92,1
20554,Marketing Manager,14,Bachelors,38.29,15.92,51.09,0,0,0,-35.17,1
20555,HR Specialist,2,Masters,13.26,0.0,16.54,0,0,0,-16.54,1
20556,Marketing Manager,17,Bachelors,50.46,31.88,50.19,0,0,0,-18.31,1
20557,HR Specialist,19,Bachelors,69.89,72.49,61.56,1,0,1,10.93,0
20558,HR Specialist,12,PhD,61.16,52.91,73.62,0,1,1,-20.71,0
20559,Software Engineer,9,Associate,29.78,15.35,43.94,0,0,0,-28.59,1
20560,Marketing Manager,11,Bachelors,31.09,19.7,26.31,0,0,0,-6.61,1
20561,Data Analyst,4,Masters,30.74,34.26,24.13,0,0,0,10.13,1
20562,Data Analyst,16,Bachelors,62.38,66.64,54.07,1,0,1,12.57,0
20563,Marketing Manager,1,Associate,0.0,0.0,2.92,0,0,0,-2.92,1
20564,Data Analyst,20,Masters,74.63,74.15,68.44,1,0,1,5.71,0
20565,Marketing Manager,7,Bachelors,26.71,16.65,38.29,0,0,0,-21.64,1
20566,Marketing Manager,2,Masters,28.72,29.16,54.58,0,0,0,-25.42,1
20567,Data Analyst,12,Masters,57.65,60.97,57.25,0,0,0,3.72,1
20568,Data Analyst,1,Masters,22.98,19.54,9.47,0,0,0,10.07,1
20569,Data Analyst,3,Masters,21.38,3.67,35.77,0,0,0,-32.1,1
20570,HR Specialist,4,Masters,40.13,26.25,30.2,0,0,0,-3.95,1
20571,Software Engineer,4,PhD,40.29,29.37,49.46,0,0,0,-20.09,1
20572,HR Specialist,2,Masters,38.3,48.75,33.52,0,0,0,15.23,1
20573,Software Engineer,0,Bachelors,12.57,4.05,25.2,0,0,0,-21.15,1
20574,Software Engineer,7,Bachelors,35.12,16.33,42.5,0,0,0,-26.17,1
20575,Data Analyst,1,Bachelors,25.1,13.9,23.17,0,0,0,-9.27,1
20576,Software Engineer,10,Masters,53.32,52.67,46.31,0,0,0,6.36,1
20577,Software Engineer,19,Bachelors,47.45,41.03,69.15,0,0,0,-28.12,1
20578,Data Analyst,3,Associate,10.05,0.0,0.0,0,0,0,0.0,1
20579,Data Analyst,16,Masters,55.9,55.52,49.96,0,0,0,5.56,1
20580,Data Analyst,13,Associate,48.1,54.14,63.71,0,0,0,-9.57,1
20581,Marketing Manager,15,Bachelors,43.85,32.5,56.79,0,0,0,-24.29,1
20582,Software Engineer,17,Bachelors,65.56,79.95,64.37,1,0,1,15.58,0
20583,HR Specialist,20,PhD,90.46,85.49,96.22,1,1,1,-10.73,1
20584,Marketing Manager,8,PhD,64.11,58.74,75.62,0,1,1,-16.88,0
20585,Marketing Manager,10,Bachelors,45.21,32.36,50.06,0,0,0,-17.7,1
20586,Data Analyst,1,Masters,26.24,16.35,15.45,0,0,0,0.9,1
20587,Data Analyst,10,PhD,35.57,25.3,50.14,0,0,0,-24.84,1
20588,Software Engineer,0,Bachelors,9.04,0.0,8.06,0,0,0,-8.06,1
20589,Data Analyst,17,Masters,74.93,77.14,82.78,1,1,1,-5.64,1
20590,Marketing Manager,11,Masters,58.68,59.15,60.29,0,0,0,-1.14,1
20591,HR Specialist,9,Masters,50.35,54.34,58.49,0,0,0,-4.15,1
20592,HR Specialist,8,Associate,15.21,4.74,12.43,0,0,0,-7.69,1
20593,Marketing Manager,8,Masters,62.47,58.48,64.03,0,0,0,-5.55,1
20594,HR Specialist,14,PhD,54.85,44.37,53.77,0,0,0,-9.4,1
20595,Data Analyst,18,Bachelors,49.17,30.35,60.1,0,0,0,-29.75,1
20596,HR Specialist,14,Bachelors,61.38,59.17,78.52,0,1,1,-19.35,0
20597,Marketing Manager,0,PhD,28.43,24.18,36.4,0,0,0,-12.22,1
20598,Data Analyst,20,Bachelors,66.91,52.88,44.22,0,0,0,8.66,1
20599,Marketing Manager,12,Masters,60.97,46.21,55.32,0,0,0,-9.11,1
20600,HR Specialist,15,Masters,66.59,59.05,69.15,0,0,0,-10.1,1
20601,Marketing Manager,7,Bachelors,30.57,21.56,44.99,0,0,0,-23.43,1
20602,HR Specialist,0,Bachelors,4.98,0.0,5.51,0,0,0,-5.51,1
20603,Software Engineer,8,Bachelors,39.38,39.8,69.26,0,0,0,-29.46,1
20604,Data Analyst,7,Masters,45.1,46.96,36.69,0,0,0,10.27,1
20605,HR Specialist,17,Bachelors,49.84,55.14,46.34,0,0,0,8.8,1
20606,Software Engineer,3,Bachelors,24.26,13.29,22.83,0,0,0,-9.54,1
20607,Software Engineer,20,Masters,77.43,85.56,85.76,1,1,1,-0.2,1
20608,Marketing Manager,12,Bachelors,32.69,13.38,27.93,0,0,0,-14.55,1
20609,Software Engineer,14,Bachelors,50.78,39.56,56.65,0,0,0,-17.09,1
20610,Marketing Manager,5,PhD,48.93,50.01,66.12,0,0,0,-16.11,1
20611,Marketing Manager,9,Bachelors,31.62,21.52,32.32,0,0,0,-10.8,1
20612,Data Analyst,8,PhD,62.53,59.96,52.64,0,0,0,7.32,1
20613,HR Specialist,9,Bachelors,42.58,36.79,35.67,0,0,0,1.12,1
20614,HR Specialist,6,Bachelors,35.93,34.09,56.71,0,0,0,-22.62,1
20615,Software Engineer,11,Masters,35.71,32.0,34.64,0,0,0,-2.64,1
20616,Data Analyst,12,Bachelors,42.83,25.08,26.92,0,0,0,-1.84,1
20617,Software Engineer,7,Masters,43.32,42.14,41.24,0,0,0,0.9,1
20618,Marketing Manager,3,Bachelors,5.46,0.0,10.33,0,0,0,-10.33,1
20619,Marketing Manager,15,Masters,67.88,59.31,71.28,0,1,1,-11.97,0
20620,Software Engineer,20,Bachelors,49.75,30.79,58.9,0,0,0,-28.11,1
20621,Data Analyst,3,Bachelors,13.49,1.21,15.99,0,0,0,-14.78,1
20622,HR Specialist,19,Bachelors,51.96,35.42,58.16,0,0,0,-22.74,1
20623,HR Specialist,2,Masters,36.69,33.83,27.72,0,0,0,6.11,1
20624,Software Engineer,1,Masters,19.07,11.25,28.81,0,0,0,-17.56,1
20625,Data Analyst,8,Masters,54.8,62.48,58.15,0,0,0,4.33,1
20626,HR Specialist,14,Bachelors,59.89,45.58,64.63,0,0,0,-19.05,1
20627,Data Analyst,10,Bachelors,28.27,34.27,19.48,0,0,0,14.79,1
20628,Software Engineer,6,Bachelors,10.7,4.2,26.22,0,0,0,-22.02,1
20629,Data Analyst,4,Masters,45.71,25.91,44.14,0,0,0,-18.23,1
20630,HR Specialist,17,Masters,76.9,72.1,60.48,1,0,1,11.62,0
20631,Marketing Manager,5,Masters,43.77,32.64,43.22,0,0,0,-10.58,1
20632,Software Engineer,10,Masters,46.92,50.02,55.04,0,0,0,-5.02,1
20633,Software Engineer,6,Bachelors,32.03,11.26,18.71,0,0,0,-7.45,1
20634,Data Analyst,18,PhD,68.33,51.18,58.93,0,0,0,-7.75,1
20635,Software Engineer,13,Bachelors,52.38,50.87,50.77,0,0,0,0.1,1
20636,HR Specialist,7,Bachelors,36.78,18.63,34.41,0,0,0,-15.78,1
20637,Marketing Manager,10,Associate,17.63,1.71,20.61,0,0,0,-18.9,1
20638,Marketing Manager,0,PhD,28.89,17.89,21.45,0,0,0,-3.56,1
20639,Software Engineer,5,Bachelors,27.57,24.16,34.15,0,0,0,-9.99,1
20640,Marketing Manager,1,PhD,33.26,32.19,22.39,0,0,0,9.8,1
20641,Marketing Manager,16,Bachelors,38.3,45.71,36.13,0,0,0,9.58,1
20642,HR Specialist,6,Bachelors,29.96,31.46,39.3,0,0,0,-7.84,1
20643,Marketing Manager,3,Bachelors,23.71,20.56,42.26,0,0,0,-21.7,1
20644,Marketing Manager,16,Associate,32.67,31.25,36.6,0,0,0,-5.35,1
20645,Data Analyst,0,Associate,3.44,0.0,13.81,0,0,0,-13.81,1
20646,Data Analyst,5,Bachelors,31.37,20.71,23.66,0,0,0,-2.95,1
20647,Software Engineer,17,Associate,47.04,41.23,71.6,0,1,1,-30.37,0
20648,Data Analyst,7,Masters,44.66,43.21,44.97,0,0,0,-1.76,1
20649,Data Analyst,9,Bachelors,41.21,27.35,57.77,0,0,0,-30.42,1
20650,Marketing Manager,19,Associate,44.29,37.11,47.68,0,0,0,-10.57,1
20651,HR Specialist,1,Bachelors,27.35,22.5,42.09,0,0,0,-19.59,1
20652,Software Engineer,12,Bachelors,55.69,49.81,64.42,0,0,0,-14.61,1
20653,HR Specialist,2,Masters,29.95,23.47,22.14,0,0,0,1.33,1
20654,Software Engineer,0,Bachelors,21.88,7.11,7.25,0,0,0,-0.14,1
20655,Marketing Manager,20,Masters,83.38,61.85,91.56,0,1,1,-29.71,0
20656,Marketing Manager,1,Masters,28.4,27.22,28.9,0,0,0,-1.68,1
20657,Marketing Manager,17,Associate,51.71,31.09,64.6,0,0,0,-33.51,1
20658,Marketing Manager,12,PhD,85.2,79.26,73.97,1,1,1,5.29,1
20659,Software Engineer,0,Masters,20.27,6.74,19.07,0,0,0,-12.33,1
20660,Marketing Manager,19,Masters,65.07,53.8,60.51,0,0,0,-6.71,1
20661,Data Analyst,16,PhD,84.06,87.08,88.47,1,1,1,-1.39,1
20662,HR Specialist,17,Masters,51.83,35.37,44.84,0,0,0,-9.47,1
20663,Software Engineer,11,Masters,41.29,39.43,57.46,0,0,0,-18.03,1
20664,Marketing Manager,11,Masters,58.66,48.69,54.6,0,0,0,-5.91,1
20665,Marketing Manager,12,Bachelors,65.14,63.94,77.31,0,1,1,-13.37,0
20666,HR Specialist,4,Masters,26.55,7.69,31.41,0,0,0,-23.72,1
20667,HR Specialist,16,Masters,87.29,85.09,87.89,1,1,1,-2.8,1
20668,Software Engineer,17,Bachelors,44.4,25.5,47.61,0,0,0,-22.11,1
20669,Software Engineer,10,Bachelors,27.83,36.8,29.7,0,0,0,7.1,1
20670,Software Engineer,3,Associate,7.74,0.0,0.0,0,0,0,0.0,1
20671,Software Engineer,12,Masters,60.95,44.81,51.26,0,0,0,-6.45,1
20672,HR Specialist,19,Associate,72.07,57.54,67.84,0,0,0,-10.3,1
20673,Software Engineer,3,Masters,31.0,16.59,21.31,0,0,0,-4.72,1
20674,Data Analyst,20,Bachelors,69.71,51.24,62.57,0,0,0,-11.33,1
20675,Data Analyst,3,Masters,59.94,57.53,67.82,0,0,0,-10.29,1
20676,Marketing Manager,17,Bachelors,68.11,54.16,61.48,0,0,0,-7.32,1
20677,HR Specialist,17,Associate,62.69,59.54,77.27,0,1,1,-17.73,0
20678,Software Engineer,9,Bachelors,51.87,31.88,45.23,0,0,0,-13.35,1
20679,HR Specialist,19,PhD,81.08,93.69,93.26,1,1,1,0.43,1
20680,HR Specialist,10,PhD,68.17,67.32,73.27,1,1,1,-5.95,1
20681,HR Specialist,19,PhD,69.19,70.71,79.77,1,1,1,-9.06,1
20682,Marketing Manager,9,Bachelors,26.59,28.95,48.12,0,0,0,-19.17,1
20683,HR Specialist,5,Bachelors,32.01,31.62,29.78,0,0,0,1.84,1
20684,HR Specialist,0,Masters,35.63,34.38,40.87,0,0,0,-6.49,1
20685,Software Engineer,6,Masters,43.72,41.14,51.89,0,0,0,-10.75,1
20686,HR Specialist,15,Associate,46.9,28.71,42.93,0,0,0,-14.22,1
20687,Software Engineer,0,Associate,0.0,0.0,10.0,0,0,0,-10.0,1
20688,Software Engineer,10,Bachelors,23.93,15.48,28.87,0,0,0,-13.39,1
20689,Marketing Manager,15,Bachelors,50.94,45.67,30.38,0,0,0,15.29,1
20690,Data Analyst,16,Bachelors,72.69,73.24,95.11,1,1,1,-21.87,1
20691,Marketing Manager,0,Associate,2.22,0.0,0.0,0,0,0,0.0,1
20692,Marketing Manager,14,Associate,39.88,23.32,50.43,0,0,0,-27.11,1
20693,Marketing Manager,17,Bachelors,52.84,52.22,42.17,0,0,0,10.05,1
20694,HR Specialist,11,Bachelors,40.52,27.63,41.52,0,0,0,-13.89,1
20695,HR Specialist,5,Masters,38.75,39.43,26.47,0,0,0,12.96,1
20696,Data Analyst,5,Bachelors,31.36,25.9,25.11,0,0,0,0.79,1
20697,HR Specialist,3,Bachelors,30.5,35.31,43.33,0,0,0,-8.02,1
20698,HR Specialist,13,Bachelors,39.91,53.23,44.12,0,0,0,9.11,1
20699,Marketing Manager,19,Masters,75.84,59.7,83.77,0,1,1,-24.07,0
20700,Marketing Manager,15,Associate,54.36,48.62,51.49,0,0,0,-2.87,1
20701,HR Specialist,12,Masters,42.9,28.49,51.13,0,0,0,-22.64,1
20702,Software Engineer,4,Bachelors,33.76,11.49,40.71,0,0,0,-29.22,1
20703,HR Specialist,18,Masters,86.38,89.75,85.76,1,1,1,3.99,1
20704,Data Analyst,4,Masters,33.83,16.29,34.54,0,0,0,-18.25,1
20705,HR Specialist,11,Bachelors,52.76,43.92,58.88,0,0,0,-14.96,1
20706,Software Engineer,18,Masters,70.73,69.33,96.68,1,1,1,-27.35,1
20707,Software Engineer,7,Masters,57.43,55.0,82.03,0,1,1,-27.03,0
20708,Software Engineer,6,Bachelors,26.13,26.99,38.55,0,0,0,-11.56,1
20709,Marketing Manager,0,Masters,34.53,23.47,19.34,0,0,0,4.13,1
20710,Software Engineer,20,Masters,75.37,80.71,73.35,1,1,1,7.36,1
20711,HR Specialist,0,Bachelors,31.48,20.27,41.57,0,0,0,-21.3,1
20712,Marketing Manager,13,Masters,57.19,45.59,56.88,0,0,0,-11.29,1
20713,HR Specialist,2,Bachelors,15.89,7.91,34.2,0,0,0,-26.29,1
20714,Data Analyst,5,Bachelors,15.33,5.36,22.2,0,0,0,-16.84,1
20715,HR Specialist,8,Bachelors,41.87,37.08,40.89,0,0,0,-3.81,1
20716,Software Engineer,11,Bachelors,42.95,30.66,55.09,0,0,0,-24.43,1
20717,Marketing Manager,14,Masters,64.29,51.62,71.78,0,1,1,-20.16,0
20718,HR Specialist,18,Bachelors,62.32,59.56,75.19,0,1,1,-15.63,0
20719,Data Analyst,20,Masters,72.12,48.74,51.55,0,0,0,-2.81,1
20720,Marketing Manager,16,PhD,77.95,74.86,93.58,1,1,1,-18.72,1
20721,Data Analyst,4,Bachelors,24.81,14.91,28.58,0,0,0,-13.67,1
20722,Marketing Manager,20,Masters,56.85,52.11,52.06,0,0,0,0.05,1
20723,Marketing Manager,2,PhD,28.15,25.05,50.8,0,0,0,-25.75,1
20724,Software Engineer,19,Masters,68.9,64.4,77.72,0,1,1,-13.32,0
20725,Data Analyst,19,Masters,67.71,58.54,55.56,0,0,0,2.98,1
20726,Software Engineer,6,Masters,36.17,43.66,33.7,0,0,0,9.96,1
20727,Data Analyst,5,Masters,30.76,18.51,20.7,0,0,0,-2.19,1
20728,Marketing Manager,5,Bachelors,37.38,29.97,38.17,0,0,0,-8.2,1
20729,Data Analyst,20,Masters,81.11,67.95,94.18,1,1,1,-26.23,1
20730,Marketing Manager,11,Associate,25.76,11.28,34.18,0,0,0,-22.9,1
20731,Software Engineer,14,Bachelors,51.41,28.26,67.51,0,0,0,-39.25,1
20732,Software Engineer,1,Bachelors,19.5,8.31,17.25,0,0,0,-8.94,1
20733,Data Analyst,5,Bachelors,15.99,10.12,14.79,0,0,0,-4.67,1
20734,Marketing Manager,14,Bachelors,62.39,57.03,62.52,0,0,0,-5.49,1
20735,Software Engineer,1,Bachelors,13.29,10.9,21.83,0,0,0,-10.93,1
20736,Software Engineer,19,Bachelors,68.9,70.5,80.6,1,1,1,-10.1,1
20737,Marketing Manager,19,Masters,83.68,67.06,82.77,1,1,1,-15.71,1
20738,Data Analyst,15,Bachelors,54.75,52.35,70.23,0,1,1,-17.88,0
20739,Marketing Manager,13,Masters,54.86,49.85,59.64,0,0,0,-9.79,1
20740,Data Analyst,16,PhD,94.56,97.71,100.0,1,1,1,-2.29,1
20741,Marketing Manager,3,Bachelors,20.08,33.79,34.48,0,0,0,-0.69,1
20742,HR Specialist,13,Masters,58.73,57.09,70.12,0,1,1,-13.03,0
20743,Data Analyst,8,Masters,32.35,38.09,42.8,0,0,0,-4.71,1
20744,Marketing Manager,16,Bachelors,44.6,40.71,39.68,0,0,0,1.03,1
20745,HR Specialist,0,Masters,27.15,15.47,28.9,0,0,0,-13.43,1
20746,Software Engineer,1,PhD,54.78,38.31,59.02,0,0,0,-20.71,1
20747,Software Engineer,3,Associate,0.0,0.0,14.32,0,0,0,-14.32,1
20748,Data Analyst,16,Bachelors,44.99,26.67,57.16,0,0,0,-30.49,1
20749,Data Analyst,20,Masters,66.19,57.26,62.63,0,0,0,-5.37,1
20750,Software Engineer,8,PhD,41.94,28.76,43.31,0,0,0,-14.55,1
20751,Marketing Manager,15,Masters,59.45,52.2,68.37,0,0,0,-16.17,1
20752,Software Engineer,3,Bachelors,22.18,17.72,23.18,0,0,0,-5.46,1
20753,Marketing Manager,19,Bachelors,64.31,46.13,69.58,0,0,0,-23.45,1
20754,Data Analyst,1,Bachelors,22.03,29.76,16.71,0,0,0,13.05,1
20755,Software Engineer,5,Bachelors,28.91,22.71,25.01,0,0,0,-2.3,1
20756,HR Specialist,14,Bachelors,48.31,53.82,36.86,0,0,0,16.96,1
20757,Marketing Manager,16,Bachelors,58.8,41.6,62.2,0,0,0,-20.6,1
20758,Data Analyst,13,Bachelors,51.72,37.21,64.22,0,0,0,-27.01,1
20759,HR Specialist,16,PhD,76.57,78.3,76.86,1,1,1,1.44,1
20760,HR Specialist,4,Masters,40.49,32.11,34.51,0,0,0,-2.4,1
20761,Software Engineer,12,Bachelors,54.11,42.11,61.96,0,0,0,-19.85,1
20762,Data Analyst,2,Bachelors,23.32,8.9,13.46,0,0,0,-4.56,1
20763,Marketing Manager,17,Masters,72.4,68.45,75.64,1,1,1,-7.19,1
20764,Marketing Manager,15,Masters,58.86,61.36,34.95,0,0,0,26.41,1
20765,Marketing Manager,17,Associate,49.63,38.39,57.47,0,0,0,-19.08,1
20766,Marketing Manager,0,Bachelors,18.05,1.85,18.79,0,0,0,-16.94,1
20767,HR Specialist,3,PhD,28.96,19.43,15.55,0,0,0,3.88,1
20768,Marketing Manager,16,Masters,54.84,58.24,61.08,0,0,0,-2.84,1
20769,Marketing Manager,14,Bachelors,71.98,54.79,75.91,0,1,1,-21.12,0
20770,Software Engineer,1,Masters,25.65,25.89,3.1,0,0,0,22.79,1
20771,Data Analyst,7,Associate,10.77,17.98,19.86,0,0,0,-1.88,1
20772,Marketing Manager,2,Masters,39.1,43.29,36.19,0,0,0,7.1,1
20773,HR Specialist,16,Masters,62.02,63.19,56.77,0,0,0,6.42,1
20774,Data Analyst,6,Bachelors,26.77,15.67,37.11,0,0,0,-21.44,1
20775,Marketing Manager,1,Masters,25.52,28.83,26.85,0,0,0,1.98,1
20776,Software Engineer,0,Masters,33.59,31.53,35.75,0,0,0,-4.22,1
20777,HR Specialist,16,PhD,54.89,46.89,38.04,0,0,0,8.85,1
20778,Data Analyst,3,Bachelors,11.23,17.0,27.85,0,0,0,-10.85,1
20779,Marketing Manager,4,Bachelors,31.88,31.68,37.3,0,0,0,-5.62,1
20780,HR Specialist,7,Bachelors,33.15,26.83,19.46,0,0,0,7.37,1
20781,HR Specialist,20,Bachelors,67.59,71.81,55.99,1,0,1,15.82,0
20782,Marketing Manager,2,Associate,15.77,24.38,32.3,0,0,0,-7.92,1
20783,HR Specialist,18,Bachelors,61.04,41.26,63.03,0,0,0,-21.77,1
20784,HR Specialist,13,Masters,33.02,23.0,18.77,0,0,0,4.23,1
20785,Marketing Manager,5,Masters,17.57,5.67,0.0,0,0,0,5.67,1
20786,Software Engineer,0,Associate,0.0,2.09,8.48,0,0,0,-6.39,1
20787,HR Specialist,18,Bachelors,72.37,66.28,82.1,1,1,1,-15.82,1
20788,Data Analyst,8,Associate,10.06,11.22,27.28,0,0,0,-16.06,1
20789,HR Specialist,5,Masters,27.99,34.5,23.25,0,0,0,11.25,1
20790,Marketing Manager,6,Masters,45.91,46.97,62.77,0,0,0,-15.8,1
20791,Marketing Manager,10,Bachelors,31.52,18.05,34.79,0,0,0,-16.74,1
20792,Data Analyst,7,Masters,31.77,33.97,28.02,0,0,0,5.95,1
20793,Data Analyst,11,PhD,56.66,59.28,62.11,0,0,0,-2.83,1
20794,Marketing Manager,7,Bachelors,38.43,37.19,37.84,0,0,0,-0.65,1
20795,Marketing Manager,10,Bachelors,35.64,30.45,58.54,0,0,0,-28.09,1
20796,HR Specialist,2,PhD,33.49,36.83,23.74,0,0,0,13.09,1
20797,HR Specialist,3,Associate,1.01,0.0,2.01,0,0,0,-2.01,1
20798,HR Specialist,9,Bachelors,39.87,27.54,34.71,0,0,0,-7.17,1
20799,Data Analyst,6,Masters,46.6,36.94,57.83,0,0,0,-20.89,1
20800,Data Analyst,18,Bachelors,58.5,53.95,53.59,0,0,0,0.36,1
20801,Marketing Manager,20,PhD,99.71,92.68,100.0,1,1,1,-7.32,1
20802,Marketing Manager,17,Bachelors,74.61,75.27,75.3,1,1,1,-0.03,1
20803,Data Analyst,4,PhD,50.43,45.33,33.58,0,0,0,11.75,1
20804,Data Analyst,20,Bachelors,61.59,58.51,74.4,0,1,1,-15.89,0
20805,Data Analyst,7,PhD,52.24,38.82,40.91,0,0,0,-2.09,1
20806,Data Analyst,16,PhD,79.23,81.55,78.35,1,1,1,3.2,1
20807,Data Analyst,3,Bachelors,16.19,15.43,7.26,0,0,0,8.17,1
20808,Software Engineer,2,Masters,13.12,1.37,8.44,0,0,0,-7.07,1
20809,HR Specialist,5,Bachelors,23.67,20.32,17.63,0,0,0,2.69,1
20810,Data Analyst,17,Masters,59.51,53.28,56.92,0,0,0,-3.64,1
20811,Data Analyst,13,Bachelors,56.9,53.34,76.04,0,1,1,-22.7,0
20812,Marketing Manager,12,Masters,61.61,48.89,73.34,0,1,1,-24.45,0
20813,HR Specialist,17,Masters,74.27,62.01,76.49,0,1,1,-14.48,0
20814,Software Engineer,9,Associate,37.52,42.43,38.35,0,0,0,4.08,1
20815,HR Specialist,2,Associate,2.73,0.0,0.0,0,0,0,0.0,1
20816,HR Specialist,19,Bachelors,59.0,58.01,73.44,0,1,1,-15.43,0
20817,HR Specialist,7,Bachelors,18.84,6.17,10.13,0,0,0,-3.96,1
20818,Software Engineer,0,PhD,27.79,21.57,21.81,0,0,0,-0.24,1
20819,Marketing Manager,7,Bachelors,22.38,1.6,0.0,0,0,0,1.6,1
20820,Marketing Manager,3,Associate,27.34,20.41,9.23,0,0,0,11.18,1
20821,Marketing Manager,4,Bachelors,20.01,11.0,18.82,0,0,0,-7.82,1
20822,Software Engineer,9,Bachelors,36.93,28.61,32.39,0,0,0,-3.78,1
20823,Marketing Manager,9,Bachelors,42.41,29.49,46.33,0,0,0,-16.84,1
20824,HR Specialist,5,Bachelors,23.57,11.34,31.49,0,0,0,-20.15,1
20825,HR Specialist,7,Associate,22.37,23.36,32.11,0,0,0,-8.75,1
20826,HR Specialist,17,Masters,88.88,72.19,79.69,1,1,1,-7.5,1
20827,HR Specialist,11,Associate,39.42,38.14,45.86,0,0,0,-7.72,1
20828,Software Engineer,20,Masters,78.86,65.68,85.72,1,1,1,-20.04,1
20829,Data Analyst,18,Bachelors,69.11,52.64,69.86,0,0,0,-17.22,1
20830,Marketing Manager,8,PhD,70.23,49.8,67.68,0,0,0,-17.88,1
20831,Marketing Manager,19,Bachelors,72.51,60.38,68.44,0,0,0,-8.06,1
20832,HR Specialist,7,Associate,2.12,1.79,13.52,0,0,0,-11.73,1
20833,Data Analyst,6,Masters,47.07,38.31,32.79,0,0,0,5.52,1
20834,Software Engineer,8,Associate,24.54,20.97,16.74,0,0,0,4.23,1
20835,Marketing Manager,13,Masters,67.58,55.38,67.24,0,0,0,-11.86,1
20836,Software Engineer,4,Bachelors,40.11,24.33,39.43,0,0,0,-15.1,1
20837,HR Specialist,18,Masters,73.02,78.22,88.76,1,1,1,-10.54,1
20838,HR Specialist,10,Masters,70.45,82.69,78.59,1,1,1,4.1,1
20839,HR Specialist,2,Bachelors,29.49,26.88,35.5,0,0,0,-8.62,1
20840,Data Analyst,8,Bachelors,43.88,22.74,45.34,0,0,0,-22.6,1
20841,Software Engineer,17,Masters,89.45,84.07,90.29,1,1,1,-6.22,1
20842,Data Analyst,12,PhD,87.81,80.56,85.6,1,1,1,-5.04,1
20843,Marketing Manager,5,Masters,40.78,36.18,35.38,0,0,0,0.8,1
20844,HR Specialist,7,Masters,57.24,65.03,72.85,1,1,1,-7.82,1
20845,Software Engineer,14,Bachelors,54.65,45.41,60.14,0,0,0,-14.73,1
20846,Marketing Manager,7,Bachelors,41.92,19.41,34.73,0,0,0,-15.32,1
20847,HR Specialist,17,Masters,56.19,38.74,68.4,0,0,0,-29.66,1
20848,Data Analyst,6,Associate,12.45,7.29,0.55,0,0,0,6.74,1
20849,Data Analyst,0,Masters,6.24,3.73,10.42,0,0,0,-6.69,1
20850,Software Engineer,12,Associate,51.22,54.18,47.47,0,0,0,6.71,1
20851,HR Specialist,5,Masters,32.45,25.68,29.84,0,0,0,-4.16,1
20852,Data Analyst,3,Masters,41.12,36.77,42.6,0,0,0,-5.83,1
20853,Marketing Manager,15,Bachelors,51.63,47.82,50.11,0,0,0,-2.29,1
20854,HR Specialist,10,Masters,80.12,65.79,82.7,1,1,1,-16.91,1
20855,HR Specialist,11,Bachelors,43.36,41.86,52.46,0,0,0,-10.6,1
20856,Marketing Manager,2,Bachelors,16.45,13.81,20.63,0,0,0,-6.82,1
20857,Marketing Manager,14,Bachelors,51.03,49.17,54.26,0,0,0,-5.09,1
20858,Marketing Manager,16,Bachelors,49.15,40.21,46.72,0,0,0,-6.51,1
20859,HR Specialist,3,Masters,23.36,27.79,28.83,0,0,0,-1.04,1
20860,Software Engineer,15,Masters,67.44,60.47,59.54,0,0,0,0.93,1
20861,Marketing Manager,6,Bachelors,28.26,25.19,21.91,0,0,0,3.28,1
20862,Marketing Manager,11,Bachelors,47.1,48.04,61.11,0,0,0,-13.07,1
20863,HR Specialist,4,Masters,41.6,36.09,53.74,0,0,0,-17.65,1
20864,Data Analyst,6,Bachelors,31.97,36.38,27.89,0,0,0,8.49,1
20865,HR Specialist,13,PhD,77.74,69.8,73.98,1,1,1,-4.18,1
20866,Software Engineer,18,Associate,47.41,43.83,58.18,0,0,0,-14.35,1
20867,Software Engineer,3,Bachelors,16.91,5.47,23.39,0,0,0,-17.92,1
20868,HR Specialist,0,Bachelors,38.05,24.55,42.18,0,0,0,-17.63,1
20869,Marketing Manager,7,Masters,38.5,41.83,44.87,0,0,0,-3.04,1
20870,HR Specialist,18,Bachelors,63.71,60.0,76.29,0,1,1,-16.29,0
20871,Data Analyst,7,Bachelors,37.51,20.65,18.05,0,0,0,2.6,1
20872,Software Engineer,19,Bachelors,66.09,59.34,77.87,0,1,1,-18.53,0
20873,Data Analyst,4,PhD,51.16,48.18,45.48,0,0,0,2.7,1
20874,Data Analyst,11,Masters,42.0,31.08,45.24,0,0,0,-14.16,1
20875,Data Analyst,4,PhD,48.78,45.18,64.37,0,0,0,-19.19,1
20876,Software Engineer,15,Masters,60.5,54.99,60.21,0,0,0,-5.22,1
20877,HR Specialist,16,Masters,58.72,62.06,61.49,0,0,0,0.57,1
20878,Marketing Manager,8,Bachelors,37.42,37.98,38.0,0,0,0,-0.02,1
20879,Software Engineer,11,Bachelors,47.52,45.12,37.64,0,0,0,7.48,1
20880,Software Engineer,9,Bachelors,34.2,27.35,47.68,0,0,0,-20.33,1
20881,Software Engineer,1,PhD,42.27,41.16,48.67,0,0,0,-7.51,1
20882,Software Engineer,16,Associate,58.4,56.34,63.86,0,0,0,-7.52,1
20883,HR Specialist,11,Masters,44.86,45.63,45.83,0,0,0,-0.2,1
20884,Software Engineer,19,PhD,87.41,80.86,96.96,1,1,1,-16.1,1
20885,Marketing Manager,19,Bachelors,61.9,50.73,39.27,0,0,0,11.46,1
20886,Data Analyst,9,Masters,47.71,33.68,59.32,0,0,0,-25.64,1
20887,Marketing Manager,12,PhD,64.64,57.01,70.8,0,1,1,-13.79,0
20888,Data Analyst,14,Bachelors,59.74,41.06,48.45,0,0,0,-7.39,1
20889,HR Specialist,13,Masters,80.7,66.99,78.28,1,1,1,-11.29,1
20890,Software Engineer,8,Associate,7.1,0.0,21.13,0,0,0,-21.13,1
20891,HR Specialist,3,Masters,31.5,15.12,43.79,0,0,0,-28.67,1
20892,Marketing Manager,2,Masters,23.15,10.68,32.68,0,0,0,-22.0,1
20893,Marketing Manager,3,Bachelors,17.82,5.74,3.86,0,0,0,1.88,1
20894,HR Specialist,11,PhD,64.0,57.56,66.27,0,0,0,-8.71,1
20895,Data Analyst,11,Masters,61.29,57.61,69.34,0,0,0,-11.73,1
20896,Marketing Manager,7,Masters,41.62,30.5,45.55,0,0,0,-15.05,1
20897,Software Engineer,12,Bachelors,38.36,41.67,29.74,0,0,0,11.93,1
20898,Data Analyst,18,Bachelors,71.82,58.69,65.23,0,0,0,-6.54,1
20899,Data Analyst,0,Masters,29.65,28.37,28.63,0,0,0,-0.26,1
20900,Data Analyst,0,Masters,11.97,5.73,3.97,0,0,0,1.76,1
20901,Data Analyst,12,Masters,42.89,40.94,37.99,0,0,0,2.95,1
20902,Software Engineer,14,Bachelors,60.0,49.47,74.8,0,1,1,-25.33,0
20903,HR Specialist,5,Bachelors,20.53,13.99,31.46,0,0,0,-17.47,1
20904,Marketing Manager,6,Masters,26.42,27.67,34.31,0,0,0,-6.64,1
20905,Data Analyst,20,Associate,55.09,40.16,63.19,0,0,0,-23.03,1
20906,Marketing Manager,11,Masters,56.22,53.73,57.16,0,0,0,-3.43,1
20907,Software Engineer,4,Bachelors,14.58,7.28,14.59,0,0,0,-7.31,1
20908,Software Engineer,11,Bachelors,47.38,25.98,51.6,0,0,0,-25.62,1
20909,Data Analyst,15,PhD,63.69,56.55,48.64,0,0,0,7.91,1
20910,Software Engineer,1,Bachelors,22.48,21.04,14.92,0,0,0,6.12,1
20911,Marketing Manager,2,Masters,40.76,20.91,47.38,0,0,0,-26.47,1
20912,Software Engineer,9,Bachelors,28.82,28.44,30.17,0,0,0,-1.73,1
20913,Marketing Manager,8,Bachelors,33.36,23.1,34.99,0,0,0,-11.89,1
20914,Software Engineer,0,Bachelors,0.29,8.82,7.88,0,0,0,0.94,1
20915,Marketing Manager,19,Bachelors,60.07,54.45,65.79,0,0,0,-11.34,1
20916,HR Specialist,18,Bachelors,71.84,65.64,90.82,1,1,1,-25.18,1
20917,Data Analyst,7,Bachelors,27.22,34.48,30.12,0,0,0,4.36,1
20918,Marketing Manager,7,Associate,22.06,16.7,6.79,0,0,0,9.91,1
20919,Software Engineer,9,PhD,42.42,43.41,42.73,0,0,0,0.68,1
20920,Software Engineer,2,Masters,24.78,27.68,39.38,0,0,0,-11.7,1
20921,Marketing Manager,8,Masters,32.64,30.92,32.07,0,0,0,-1.15,1
20922,HR Specialist,14,Bachelors,69.23,65.09,63.13,1,0,1,1.96,0
20923,Data Analyst,4,Bachelors,16.39,22.92,11.6,0,0,0,11.32,1
20924,Software Engineer,16,PhD,71.95,55.59,74.68,0,1,1,-19.09,0
20925,Marketing Manager,20,Associate,54.33,34.13,50.23,0,0,0,-16.1,1
20926,HR Specialist,15,PhD,56.54,47.9,48.33,0,0,0,-0.43,1
20927,HR Specialist,2,Bachelors,22.08,1.63,31.29,0,0,0,-29.66,1
20928,Marketing Manager,4,Masters,26.39,23.87,37.18,0,0,0,-13.31,1
20929,Software Engineer,14,Bachelors,60.12,44.4,54.11,0,0,0,-9.71,1
20930,Marketing Manager,20,Bachelors,54.63,57.96,54.61,0,0,0,3.35,1
20931,Marketing Manager,11,PhD,50.06,38.4,45.73,0,0,0,-7.33,1
20932,Software Engineer,18,PhD,79.97,64.49,85.5,0,1,1,-21.01,0
20933,HR Specialist,11,Masters,43.44,32.77,41.01,0,0,0,-8.24,1
20934,HR Specialist,5,Masters,29.71,24.11,10.12,0,0,0,13.99,1
20935,Software Engineer,20,Bachelors,55.62,48.74,69.84,0,0,0,-21.1,1
20936,Data Analyst,11,Bachelors,45.99,45.07,45.24,0,0,0,-0.17,1
20937,HR Specialist,19,Masters,76.22,81.21,65.57,1,0,1,15.64,0
20938,Marketing Manager,4,Bachelors,22.97,25.27,7.12,0,0,0,18.15,1
20939,Marketing Manager,19,Bachelors,60.18,52.04,53.88,0,0,0,-1.84,1
20940,HR Specialist,19,Masters,72.9,73.64,85.6,1,1,1,-11.96,1
20941,Marketing Manager,14,Bachelors,52.54,58.01,52.78,0,0,0,5.23,1
20942,HR Specialist,0,Bachelors,24.6,12.4,61.51,0,0,0,-49.11,1
20943,Marketing Manager,5,Masters,32.03,18.13,33.85,0,0,0,-15.72,1
20944,HR Specialist,20,Bachelors,80.26,70.68,82.7,1,1,1,-12.02,1
20945,HR Specialist,9,Bachelors,40.37,31.85,32.14,0,0,0,-0.29,1
20946,HR Specialist,1,Masters,21.76,23.71,30.29,0,0,0,-6.58,1
20947,HR Specialist,17,Bachelors,63.91,56.86,75.44,0,1,1,-18.58,0
20948,HR Specialist,13,Masters,43.79,36.58,28.17,0,0,0,8.41,1
20949,Data Analyst,13,Bachelors,46.45,47.28,39.12,0,0,0,8.16,1
20950,Marketing Manager,12,Associate,40.72,46.95,40.39,0,0,0,6.56,1
20951,Software Engineer,14,Bachelors,48.78,35.38,60.31,0,0,0,-24.93,1
20952,Data Analyst,4,Bachelors,30.07,34.72,37.24,0,0,0,-2.52,1
20953,Marketing Manager,15,PhD,67.21,50.01,58.84,0,0,0,-8.83,1
20954,Marketing Manager,0,Bachelors,14.9,7.47,23.03,0,0,0,-15.56,1
20955,Data Analyst,3,Bachelors,46.25,53.67,62.41,0,0,0,-8.74,1
20956,Software Engineer,17,Associate,37.58,41.82,49.4,0,0,0,-7.58,1
20957,Marketing Manager,5,Associate,22.11,13.3,35.68,0,0,0,-22.38,1
20958,Software Engineer,2,Bachelors,30.04,30.49,37.16,0,0,0,-6.67,1
20959,Software Engineer,10,Associate,30.15,32.4,26.82,0,0,0,5.58,1
20960,HR Specialist,11,Bachelors,46.31,41.48,53.58,0,0,0,-12.1,1
20961,Marketing Manager,12,Masters,57.16,59.48,54.17,0,0,0,5.31,1
20962,HR Specialist,14,Bachelors,33.9,28.37,24.32,0,0,0,4.05,1
20963,Software Engineer,17,PhD,71.79,67.85,74.51,1,1,1,-6.66,1
20964,Data Analyst,3,Masters,41.19,26.39,40.84,0,0,0,-14.45,1
20965,Data Analyst,12,Masters,50.6,52.92,35.98,0,0,0,16.94,1
20966,Software Engineer,16,Bachelors,50.54,51.14,61.05,0,0,0,-9.91,1
20967,Marketing Manager,7,Bachelors,33.41,25.05,44.78,0,0,0,-19.73,1
20968,Software Engineer,18,Associate,57.21,61.79,55.06,0,0,0,6.73,1
20969,HR Specialist,4,Bachelors,31.72,29.73,52.0,0,0,0,-22.27,1
20970,Marketing Manager,5,Masters,30.06,38.86,23.32,0,0,0,15.54,1
20971,Software Engineer,8,Masters,46.79,42.81,36.83,0,0,0,5.98,1
20972,Marketing Manager,3,Masters,23.37,10.92,22.86,0,0,0,-11.94,1
20973,Marketing Manager,0,Masters,38.27,36.14,37.85,0,0,0,-1.71,1
20974,Software Engineer,14,Associate,37.4,31.95,36.0,0,0,0,-4.05,1
20975,HR Specialist,15,PhD,62.99,65.93,70.93,1,1,1,-5.0,1
20976,HR Specialist,4,Bachelors,44.82,46.5,63.61,0,0,0,-17.11,1
20977,Data Analyst,5,Bachelors,38.34,40.06,37.31,0,0,0,2.75,1
20978,Data Analyst,8,Bachelors,27.85,27.87,41.45,0,0,0,-13.58,1
20979,Marketing Manager,4,Masters,17.82,19.13,2.66,0,0,0,16.47,1
20980,HR Specialist,11,PhD,53.82,42.34,49.93,0,0,0,-7.59,1
20981,Software Engineer,6,Bachelors,26.81,24.99,25.53,0,0,0,-0.54,1
20982,HR Specialist,15,Associate,53.21,54.29,52.09,0,0,0,2.2,1
20983,Marketing Manager,16,Masters,50.75,51.16,60.71,0,0,0,-9.55,1
20984,Data Analyst,17,Bachelors,62.79,53.75,60.95,0,0,0,-7.2,1
20985,HR Specialist,13,Masters,47.61,48.09,49.48,0,0,0,-1.39,1
20986,Software Engineer,20,Bachelors,78.69,56.14,96.3,0,1,1,-40.16,0
20987,Software Engineer,17,Bachelors,47.05,52.67,37.45,0,0,0,15.22,1
20988,Marketing Manager,16,Bachelors,54.55,46.97,76.92,0,1,1,-29.95,0
20989,Marketing Manager,11,Masters,58.81,53.89,59.82,0,0,0,-5.93,1
20990,HR Specialist,4,PhD,57.21,50.39,40.33,0,0,0,10.06,1
20991,Marketing Manager,6,Associate,34.76,26.06,48.19,0,0,0,-22.13,1
20992,Software Engineer,17,Bachelors,55.63,55.26,60.55,0,0,0,-5.29,1
20993,Marketing Manager,8,Masters,46.77,49.58,70.28,0,1,1,-20.7,0
20994,Marketing Manager,17,Bachelors,70.37,72.38,53.89,1,0,1,18.49,0
20995,Data Analyst,4,Masters,47.16,36.03,66.84,0,0,0,-30.81,1
20996,Data Analyst,12,Masters,44.11,46.04,46.19,0,0,0,-0.15,1
20997,Marketing Manager,12,Bachelors,38.52,33.75,34.76,0,0,0,-1.01,1
20998,HR Specialist,11,Associate,43.32,29.28,81.51,0,1,1,-52.23,0
20999,Data Analyst,5,Masters,43.96,35.99,46.12,0,0,0,-10.13,1
21000,Marketing Manager,0,Masters,18.86,14.63,28.87,0,0,0,-14.24,1
21001,HR Specialist,13,Associate,39.6,27.78,36.1,0,0,0,-8.32,1
21002,HR Specialist,20,Bachelors,56.67,63.14,66.64,0,0,0,-3.5,1
21003,HR Specialist,20,Bachelors,66.89,66.72,75.78,1,1,1,-9.06,1
21004,Software Engineer,14,Bachelors,58.27,43.71,65.7,0,0,0,-21.99,1
21005,HR Specialist,10,Bachelors,43.0,42.43,63.62,0,0,0,-21.19,1
21006,HR Specialist,18,PhD,77.8,61.96,82.28,0,1,1,-20.32,0
21007,Data Analyst,15,Masters,51.15,58.72,44.3,0,0,0,14.42,1
21008,Software Engineer,1,Bachelors,24.15,28.47,34.84,0,0,0,-6.37,1
21009,HR Specialist,5,Bachelors,28.76,37.37,39.7,0,0,0,-2.33,1
21010,Data Analyst,18,PhD,66.01,70.29,64.25,1,0,1,6.04,0
21011,Marketing Manager,17,Bachelors,55.72,55.49,50.66,0,0,0,4.83,1
21012,Marketing Manager,11,Masters,56.59,69.81,47.74,1,0,1,22.07,0
21013,Software Engineer,13,Bachelors,45.06,31.33,21.02,0,0,0,10.31,1
21014,Data Analyst,17,Bachelors,67.77,68.13,72.91,1,1,1,-4.78,1
21015,Marketing Manager,18,Bachelors,56.76,61.41,56.98,0,0,0,4.43,1
21016,Software Engineer,11,PhD,64.31,65.37,61.85,1,0,1,3.52,0
21017,Marketing Manager,17,Bachelors,51.43,42.48,58.29,0,0,0,-15.81,1
21018,Data Analyst,19,PhD,85.69,79.63,96.52,1,1,1,-16.89,1
21019,HR Specialist,7,Masters,37.71,45.72,24.42,0,0,0,21.3,1
21020,HR Specialist,12,Bachelors,49.04,52.45,45.95,0,0,0,6.5,1
21021,Marketing Manager,3,Masters,35.2,23.54,36.79,0,0,0,-13.25,1
21022,HR Specialist,3,Bachelors,32.35,24.92,21.98,0,0,0,2.94,1
21023,HR Specialist,16,PhD,60.0,50.75,64.8,0,0,0,-14.05,1
21024,Data Analyst,8,Bachelors,33.78,33.02,60.57,0,0,0,-27.55,1
21025,Marketing Manager,5,Masters,39.51,36.76,33.82,0,0,0,2.94,1
21026,Data Analyst,6,Masters,67.74,57.68,100.0,0,1,1,-42.32,0
21027,HR Specialist,15,PhD,47.81,51.48,35.41,0,0,0,16.07,1
21028,Marketing Manager,0,Masters,15.4,13.12,16.89,0,0,0,-3.77,1
21029,Data Analyst,1,Bachelors,17.12,17.42,27.57,0,0,0,-10.15,1
21030,Marketing Manager,13,Bachelors,56.37,41.94,54.0,0,0,0,-12.06,1
21031,Data Analyst,7,PhD,43.35,26.64,54.28,0,0,0,-27.64,1
21032,Marketing Manager,4,Associate,27.05,26.7,19.64,0,0,0,7.06,1
21033,Data Analyst,12,Bachelors,55.14,56.69,63.36,0,0,0,-6.67,1
21034,Data Analyst,12,Masters,55.46,60.91,67.0,0,0,0,-6.09,1
21035,HR Specialist,15,Masters,63.12,42.1,53.58,0,0,0,-11.48,1
21036,HR Specialist,17,Bachelors,53.44,55.35,27.81,0,0,0,27.54,1
21037,Marketing Manager,9,PhD,64.01,68.48,56.51,1,0,1,11.97,0
21038,Marketing Manager,19,Masters,69.18,59.2,76.18,0,1,1,-16.98,0
21039,Marketing Manager,20,Bachelors,58.56,49.22,60.54,0,0,0,-11.32,1
21040,Marketing Manager,8,Masters,43.86,42.67,44.88,0,0,0,-2.21,1
21041,Software Engineer,2,Associate,7.04,0.0,1.18,0,0,0,-1.18,1
21042,HR Specialist,8,PhD,60.34,54.21,77.07,0,1,1,-22.86,0
21043,Marketing Manager,7,Masters,52.74,47.57,59.0,0,0,0,-11.43,1
21044,Data Analyst,3,PhD,44.08,48.71,51.11,0,0,0,-2.4,1
21045,Software Engineer,20,Masters,68.73,74.44,91.62,1,1,1,-17.18,1
21046,Marketing Manager,9,Bachelors,54.89,59.02,62.35,0,0,0,-3.33,1
21047,HR Specialist,8,Bachelors,37.81,21.57,41.04,0,0,0,-19.47,1
21048,Data Analyst,17,Bachelors,62.53,58.53,69.69,0,0,0,-11.16,1
21049,Marketing Manager,11,PhD,61.29,44.64,51.29,0,0,0,-6.65,1
21050,HR Specialist,9,Masters,34.55,37.63,31.71,0,0,0,5.92,1
21051,Software Engineer,20,Masters,60.78,60.78,60.45,0,0,0,0.33,1
21052,Marketing Manager,10,Masters,67.7,56.6,49.31,0,0,0,7.29,1
21053,Software Engineer,3,PhD,35.5,25.73,30.54,0,0,0,-4.81,1
21054,Software Engineer,11,Associate,31.96,12.94,33.77,0,0,0,-20.83,1
21055,Marketing Manager,7,Associate,0.0,0.0,6.51,0,0,0,-6.51,1
21056,Marketing Manager,15,Masters,68.93,61.62,57.77,0,0,0,3.85,1
21057,Data Analyst,14,Masters,64.71,51.4,66.08,0,0,0,-14.68,1
21058,Software Engineer,13,Bachelors,31.86,28.49,43.47,0,0,0,-14.98,1
21059,Marketing Manager,11,Masters,41.99,43.74,44.11,0,0,0,-0.37,1
21060,Software Engineer,8,Bachelors,55.37,48.7,51.05,0,0,0,-2.35,1
21061,Marketing Manager,20,Associate,54.94,46.3,77.59,0,1,1,-31.29,0
21062,Marketing Manager,6,Masters,36.79,24.37,34.95,0,0,0,-10.58,1
21063,HR Specialist,16,Bachelors,57.28,54.28,58.22,0,0,0,-3.94,1
21064,Software Engineer,11,Bachelors,43.65,41.75,41.28,0,0,0,0.47,1
21065,Marketing Manager,3,Masters,54.19,46.91,49.55,0,0,0,-2.64,1
21066,Marketing Manager,19,Associate,53.8,53.49,65.72,0,0,0,-12.23,1
21067,Software Engineer,9,Bachelors,30.93,31.71,27.7,0,0,0,4.01,1
21068,Marketing Manager,2,Bachelors,20.16,16.46,27.64,0,0,0,-11.18,1
21069,Marketing Manager,13,Bachelors,60.31,54.09,68.4,0,0,0,-14.31,1
21070,HR Specialist,17,Bachelors,50.44,56.99,50.38,0,0,0,6.61,1
21071,Software Engineer,5,Masters,39.01,37.06,54.98,0,0,0,-17.92,1
21072,Marketing Manager,6,Bachelors,11.5,0.0,7.37,0,0,0,-7.37,1
21073,Marketing Manager,8,Associate,29.91,27.34,19.51,0,0,0,7.83,1
21074,HR Specialist,17,Associate,54.83,48.79,51.83,0,0,0,-3.04,1
21075,Data Analyst,7,Masters,52.09,51.38,53.98,0,0,0,-2.6,1
21076,HR Specialist,7,Bachelors,36.97,32.4,42.49,0,0,0,-10.09,1
21077,HR Specialist,18,Masters,83.14,67.84,81.04,1,1,1,-13.2,1
21078,HR Specialist,19,Associate,54.47,32.09,55.77,0,0,0,-23.68,1
21079,Data Analyst,13,Masters,56.28,32.9,63.38,0,0,0,-30.48,1
21080,Software Engineer,4,Masters,37.53,22.45,31.18,0,0,0,-8.73,1
21081,Software Engineer,11,PhD,52.53,51.85,52.64,0,0,0,-0.79,1
21082,HR Specialist,2,Associate,4.84,6.68,27.55,0,0,0,-20.87,1
21083,Software Engineer,10,Bachelors,34.94,16.66,45.95,0,0,0,-29.29,1
21084,Software Engineer,12,Masters,57.91,63.7,60.38,0,0,0,3.32,1
21085,Marketing Manager,15,Bachelors,44.74,27.74,59.45,0,0,0,-31.71,1
21086,Marketing Manager,13,Masters,60.81,44.78,50.15,0,0,0,-5.37,1
21087,Software Engineer,10,Bachelors,45.11,43.64,43.48,0,0,0,0.16,1
21088,Data Analyst,9,Bachelors,37.99,22.62,44.28,0,0,0,-21.66,1
21089,Software Engineer,0,Bachelors,27.03,34.53,37.91,0,0,0,-3.38,1
21090,HR Specialist,8,Bachelors,25.73,9.63,22.15,0,0,0,-12.52,1
21091,Marketing Manager,12,Masters,47.54,33.53,46.9,0,0,0,-13.37,1
21092,HR Specialist,1,Bachelors,0.0,0.0,3.45,0,0,0,-3.45,1
21093,Marketing Manager,3,Bachelors,18.55,25.5,8.05,0,0,0,17.45,1
21094,Software Engineer,6,Masters,41.87,44.92,46.15,0,0,0,-1.23,1
21095,Data Analyst,7,Masters,54.74,57.08,65.78,0,0,0,-8.7,1
21096,HR Specialist,0,Masters,15.73,30.51,11.18,0,0,0,19.33,1
21097,Data Analyst,12,PhD,60.16,34.07,48.7,0,0,0,-14.63,1
21098,Software Engineer,1,Bachelors,17.46,5.89,16.54,0,0,0,-10.65,1
21099,Data Analyst,17,Bachelors,64.35,54.63,62.3,0,0,0,-7.67,1
21100,Marketing Manager,1,Associate,10.73,0.0,14.59,0,0,0,-14.59,1
21101,Marketing Manager,17,Masters,79.78,85.83,97.39,1,1,1,-11.56,1
21102,Marketing Manager,8,Bachelors,30.5,18.2,30.42,0,0,0,-12.22,1
21103,Software Engineer,1,Masters,30.95,34.42,42.36,0,0,0,-7.94,1
21104,Marketing Manager,18,Masters,59.15,55.75,75.46,0,1,1,-19.71,0
21105,HR Specialist,8,Bachelors,33.61,36.47,42.18,0,0,0,-5.71,1
21106,Software Engineer,12,Masters,37.53,21.18,19.04,0,0,0,2.14,1
21107,Marketing Manager,13,Masters,55.13,55.32,71.01,0,1,1,-15.69,0
21108,Marketing Manager,15,Associate,35.52,23.73,49.38,0,0,0,-25.65,1
21109,HR Specialist,11,Masters,56.17,47.72,61.26,0,0,0,-13.54,1
21110,Marketing Manager,12,PhD,68.14,62.54,79.96,0,1,1,-17.42,0
21111,HR Specialist,8,Bachelors,30.26,24.04,27.06,0,0,0,-3.02,1
21112,Software Engineer,3,Bachelors,12.98,0.0,33.62,0,0,0,-33.62,1
21113,HR Specialist,0,Associate,1.12,0.0,0.0,0,0,0,0.0,1
21114,Software Engineer,20,Bachelors,65.19,76.18,75.95,1,1,1,0.23,1
21115,HR Specialist,4,Bachelors,28.82,28.81,52.0,0,0,0,-23.19,1
21116,Software Engineer,6,Masters,42.42,35.85,41.1,0,0,0,-5.25,1
21117,Marketing Manager,13,Masters,61.69,44.65,70.69,0,1,1,-26.04,0
21118,Marketing Manager,7,Masters,53.49,56.84,56.71,0,0,0,0.13,1
21119,Marketing Manager,7,Bachelors,49.6,50.21,39.23,0,0,0,10.98,1
21120,Software Engineer,12,PhD,63.38,50.01,68.64,0,0,0,-18.63,1
21121,Marketing Manager,4,PhD,33.89,36.39,45.37,0,0,0,-8.98,1
21122,HR Specialist,2,Bachelors,24.71,15.7,41.01,0,0,0,-25.31,1
21123,Data Analyst,18,Associate,47.85,58.5,39.36,0,0,0,19.14,1
21124,Marketing Manager,10,Bachelors,71.22,63.81,61.05,0,0,0,2.76,1
21125,Software Engineer,19,Bachelors,68.31,63.25,81.3,0,1,1,-18.05,0
21126,HR Specialist,5,PhD,45.82,49.58,37.09,0,0,0,12.49,1
21127,Data Analyst,7,Bachelors,36.51,43.18,31.87,0,0,0,11.31,1
21128,Marketing Manager,10,Masters,45.81,49.19,43.32,0,0,0,5.87,1
21129,HR Specialist,1,Masters,27.17,24.09,49.55,0,0,0,-25.46,1
21130,Data Analyst,7,Masters,41.67,41.38,39.26,0,0,0,2.12,1
21131,Software Engineer,8,Associate,18.92,14.26,27.76,0,0,0,-13.5,1
21132,Software Engineer,8,Masters,32.77,29.07,46.3,0,0,0,-17.23,1
21133,Marketing Manager,3,Bachelors,28.84,31.18,24.38,0,0,0,6.8,1
21134,Data Analyst,4,Bachelors,40.18,44.79,34.65,0,0,0,10.14,1
21135,Software Engineer,5,Masters,40.93,27.79,63.45,0,0,0,-35.66,1
21136,Software Engineer,17,Bachelors,67.0,50.46,70.49,0,1,1,-20.03,0
21137,Data Analyst,11,Bachelors,44.16,36.75,60.5,0,0,0,-23.75,1
21138,Data Analyst,19,Bachelors,80.36,83.09,77.9,1,1,1,5.19,1
21139,Software Engineer,18,Masters,90.24,100.0,95.97,1,1,1,4.03,1
21140,Data Analyst,9,Masters,53.14,47.14,52.49,0,0,0,-5.35,1
21141,Data Analyst,4,Masters,26.45,9.37,29.01,0,0,0,-19.64,1
21142,Marketing Manager,6,Bachelors,26.28,8.64,38.34,0,0,0,-29.7,1
21143,Software Engineer,15,Bachelors,32.95,21.6,34.27,0,0,0,-12.67,1
21144,Software Engineer,11,Bachelors,42.61,28.98,41.75,0,0,0,-12.77,1
21145,Marketing Manager,17,Bachelors,51.15,61.78,49.04,0,0,0,12.74,1
21146,Marketing Manager,10,Bachelors,52.41,33.59,55.85,0,0,0,-22.26,1
21147,HR Specialist,14,Masters,59.2,55.94,55.51,0,0,0,0.43,1
21148,HR Specialist,10,Bachelors,36.78,37.92,39.15,0,0,0,-1.23,1
21149,Marketing Manager,2,Bachelors,17.51,3.82,2.24,0,0,0,1.58,1
21150,Marketing Manager,9,Masters,38.99,22.64,55.85,0,0,0,-33.21,1
21151,Software Engineer,3,Masters,33.32,23.45,38.94,0,0,0,-15.49,1
21152,Data Analyst,9,Masters,42.9,54.0,57.04,0,0,0,-3.04,1
21153,Marketing Manager,13,Masters,77.01,62.51,83.95,0,1,1,-21.44,0
21154,Data Analyst,2,PhD,27.35,17.1,41.49,0,0,0,-24.39,1
21155,Marketing Manager,12,Masters,47.05,32.75,40.11,0,0,0,-7.36,1
21156,Data Analyst,14,PhD,61.08,52.48,51.46,0,0,0,1.02,1
21157,Data Analyst,9,Bachelors,36.21,27.32,39.2,0,0,0,-11.88,1
21158,Marketing Manager,4,Masters,38.77,42.03,35.28,0,0,0,6.75,1
21159,HR Specialist,5,Masters,44.16,32.52,43.06,0,0,0,-10.54,1
21160,HR Specialist,16,Masters,57.23,51.36,72.14,0,1,1,-20.78,0
21161,Data Analyst,18,Associate,35.24,29.7,30.12,0,0,0,-0.42,1
21162,HR Specialist,11,Bachelors,48.46,52.41,43.48,0,0,0,8.93,1
21163,HR Specialist,12,Bachelors,41.58,36.15,55.52,0,0,0,-19.37,1
21164,Marketing Manager,9,PhD,42.73,25.5,55.51,0,0,0,-30.01,1
21165,HR Specialist,8,Bachelors,41.55,33.75,35.26,0,0,0,-1.51,1
21166,Data Analyst,0,Masters,31.48,32.83,49.11,0,0,0,-16.28,1
21167,Software Engineer,9,Associate,27.64,13.7,29.94,0,0,0,-16.24,1
21168,Software Engineer,20,Bachelors,62.89,50.03,40.26,0,0,0,9.77,1
21169,Marketing Manager,0,Bachelors,15.23,25.92,9.17,0,0,0,16.75,1
21170,Data Analyst,8,Bachelors,25.2,22.27,32.72,0,0,0,-10.45,1
21171,HR Specialist,8,PhD,42.63,46.73,50.02,0,0,0,-3.29,1
21172,Data Analyst,19,Associate,73.05,67.09,69.36,1,0,1,-2.27,0
21173,Data Analyst,8,Masters,40.39,40.88,34.27,0,0,0,6.61,1
21174,Software Engineer,17,Bachelors,47.57,31.39,37.46,0,0,0,-6.07,1
21175,Data Analyst,6,Associate,30.83,9.87,35.66,0,0,0,-25.79,1
21176,Software Engineer,7,Masters,29.23,29.49,33.55,0,0,0,-4.06,1
21177,Data Analyst,1,Masters,35.3,25.08,47.35,0,0,0,-22.27,1
21178,HR Specialist,16,Bachelors,68.95,55.62,78.47,0,1,1,-22.85,0
21179,Data Analyst,14,Masters,62.47,44.63,57.91,0,0,0,-13.28,1
21180,Marketing Manager,16,Bachelors,54.74,50.39,57.62,0,0,0,-7.23,1
21181,Software Engineer,2,Masters,45.64,46.3,58.92,0,0,0,-12.62,1
21182,Data Analyst,6,Associate,29.39,22.91,26.64,0,0,0,-3.73,1
21183,Marketing Manager,6,Bachelors,37.97,30.09,35.13,0,0,0,-5.04,1
21184,Marketing Manager,11,Masters,72.4,71.99,75.08,1,1,1,-3.09,1
21185,Software Engineer,3,PhD,44.56,44.24,53.55,0,0,0,-9.31,1
21186,HR Specialist,19,Bachelors,50.98,49.87,54.71,0,0,0,-4.84,1
21187,Marketing Manager,14,Bachelors,28.81,20.23,32.52,0,0,0,-12.29,1
21188,Marketing Manager,12,Associate,51.32,47.49,41.15,0,0,0,6.34,1
21189,HR Specialist,6,PhD,31.44,13.13,39.19,0,0,0,-26.06,1
21190,Data Analyst,13,PhD,67.36,53.76,65.93,0,0,0,-12.17,1
21191,Software Engineer,5,Masters,29.44,26.49,14.65,0,0,0,11.84,1
21192,Software Engineer,6,Bachelors,29.61,19.62,45.5,0,0,0,-25.88,1
21193,Marketing Manager,12,Associate,53.95,51.13,62.33,0,0,0,-11.2,1
21194,HR Specialist,4,Masters,40.13,27.67,54.26,0,0,0,-26.59,1
21195,Marketing Manager,1,PhD,57.83,41.88,74.43,0,1,1,-32.55,0
21196,Marketing Manager,14,Masters,69.3,54.4,77.71,0,1,1,-23.31,0
21197,HR Specialist,2,Masters,20.36,9.58,12.49,0,0,0,-2.91,1
21198,Data Analyst,7,Bachelors,26.8,27.42,10.81,0,0,0,16.61,1
21199,Marketing Manager,3,Masters,26.92,20.93,24.1,0,0,0,-3.17,1
21200,Software Engineer,16,Bachelors,59.31,54.59,51.46,0,0,0,3.13,1
21201,Data Analyst,1,Bachelors,29.26,23.36,25.32,0,0,0,-1.96,1
21202,Data Analyst,11,Bachelors,53.33,59.76,54.69,0,0,0,5.07,1
21203,HR Specialist,9,Bachelors,41.04,45.34,32.84,0,0,0,12.5,1
21204,Marketing Manager,6,PhD,49.57,67.09,53.29,1,0,1,13.8,0
21205,Software Engineer,4,Bachelors,41.0,33.13,34.43,0,0,0,-1.3,1
21206,Software Engineer,0,Bachelors,19.17,11.82,4.66,0,0,0,7.16,1
21207,Marketing Manager,9,Masters,63.93,47.17,71.8,0,1,1,-24.63,0
21208,Data Analyst,3,Associate,20.35,27.51,21.35,0,0,0,6.16,1
21209,HR Specialist,4,Masters,45.44,34.79,38.34,0,0,0,-3.55,1
21210,Marketing Manager,6,Bachelors,20.49,10.41,27.4,0,0,0,-16.99,1
21211,HR Specialist,0,Bachelors,0.0,0.0,6.53,0,0,0,-6.53,1
21212,Data Analyst,2,Associate,4.6,3.62,3.95,0,0,0,-0.33,1
21213,Software Engineer,5,Masters,43.72,40.63,64.89,0,0,0,-24.26,1
21214,Software Engineer,6,Masters,40.83,38.23,37.83,0,0,0,0.4,1
21215,Software Engineer,1,Masters,4.52,0.06,24.71,0,0,0,-24.65,1
21216,Marketing Manager,20,Masters,69.24,66.62,72.63,1,1,1,-6.01,1
21217,Marketing Manager,7,Bachelors,28.66,14.83,26.81,0,0,0,-11.98,1
21218,Marketing Manager,3,Bachelors,31.73,27.63,31.22,0,0,0,-3.59,1
21219,Data Analyst,0,PhD,26.31,14.12,29.44,0,0,0,-15.32,1
21220,Software Engineer,16,Masters,71.75,57.64,67.95,0,0,0,-10.31,1
21221,HR Specialist,3,Bachelors,28.06,24.3,35.7,0,0,0,-11.4,1
21222,Marketing Manager,6,Bachelors,21.83,25.99,24.53,0,0,0,1.46,1
21223,Software Engineer,5,Bachelors,28.62,20.63,25.67,0,0,0,-5.04,1
21224,HR Specialist,1,Masters,29.77,9.15,26.55,0,0,0,-17.4,1
21225,Data Analyst,7,Bachelors,42.9,24.17,24.48,0,0,0,-0.31,1
21226,Marketing Manager,20,Bachelors,63.13,41.74,67.97,0,0,0,-26.23,1
21227,Software Engineer,12,Bachelors,28.16,37.68,39.2,0,0,0,-1.52,1
21228,Software Engineer,9,Masters,46.81,58.88,42.21,0,0,0,16.67,1
21229,Software Engineer,14,Associate,47.85,37.62,48.25,0,0,0,-10.63,1
21230,HR Specialist,16,Masters,62.4,66.85,46.51,1,0,1,20.34,0
21231,Marketing Manager,14,Masters,72.88,70.24,83.2,1,1,1,-12.96,1
21232,Software Engineer,18,Bachelors,60.94,50.35,53.36,0,0,0,-3.01,1
21233,HR Specialist,1,Associate,0.0,0.0,17.19,0,0,0,-17.19,1
21234,HR Specialist,11,Bachelors,64.75,70.55,72.23,1,1,1,-1.68,1
21235,HR Specialist,7,Bachelors,25.36,19.89,22.16,0,0,0,-2.27,1
21236,Marketing Manager,13,Bachelors,54.5,35.89,50.92,0,0,0,-15.03,1
21237,Marketing Manager,11,Bachelors,41.32,25.84,40.56,0,0,0,-14.72,1
21238,Marketing Manager,11,Masters,69.51,69.84,82.39,1,1,1,-12.55,1
21239,HR Specialist,12,Associate,29.15,28.06,18.9,0,0,0,9.16,1
21240,Marketing Manager,15,Bachelors,58.55,44.48,65.78,0,0,0,-21.3,1
21241,Software Engineer,14,Bachelors,59.96,52.23,65.29,0,0,0,-13.06,1
21242,Marketing Manager,7,Bachelors,26.59,3.93,12.62,0,0,0,-8.69,1
21243,Marketing Manager,10,Associate,39.24,45.24,52.39,0,0,0,-7.15,1
21244,Marketing Manager,16,Masters,64.0,62.72,58.49,0,0,0,4.23,1
21245,Data Analyst,0,Masters,38.98,29.65,39.81,0,0,0,-10.16,1
21246,Software Engineer,18,Masters,80.6,69.49,94.8,1,1,1,-25.31,1
21247,Marketing Manager,18,Masters,67.56,61.43,53.24,0,0,0,8.19,1
21248,HR Specialist,17,Masters,75.73,60.7,70.14,0,1,1,-9.44,0
21249,Software Engineer,12,Masters,39.53,41.78,59.29,0,0,0,-17.51,1
21250,HR Specialist,9,Bachelors,45.27,29.76,34.48,0,0,0,-4.72,1
21251,Marketing Manager,3,Bachelors,32.22,19.7,32.98,0,0,0,-13.28,1
21252,Data Analyst,4,PhD,49.43,56.53,37.57,0,0,0,18.96,1
21253,Marketing Manager,7,Bachelors,41.68,43.63,33.88,0,0,0,9.75,1
21254,Software Engineer,19,Bachelors,71.99,79.09,59.71,1,0,1,19.38,0
21255,Data Analyst,4,Bachelors,20.32,8.89,31.75,0,0,0,-22.86,1
21256,HR Specialist,2,Bachelors,34.63,19.7,35.4,0,0,0,-15.7,1
21257,HR Specialist,5,Bachelors,33.9,33.89,27.38,0,0,0,6.51,1
21258,Marketing Manager,3,Masters,39.78,40.42,54.89,0,0,0,-14.47,1
21259,HR Specialist,14,Masters,55.54,55.61,47.45,0,0,0,8.16,1
21260,HR Specialist,19,Associate,49.93,50.29,63.91,0,0,0,-13.62,1
21261,HR Specialist,4,Bachelors,39.77,36.32,30.07,0,0,0,6.25,1
21262,Software Engineer,4,Bachelors,23.8,13.02,17.45,0,0,0,-4.43,1
21263,Data Analyst,2,Masters,25.9,33.78,19.96,0,0,0,13.82,1
21264,Data Analyst,6,Masters,40.76,32.12,57.22,0,0,0,-25.1,1
21265,Data Analyst,5,Bachelors,31.99,28.78,24.51,0,0,0,4.27,1
21266,Software Engineer,2,Masters,32.96,20.98,31.07,0,0,0,-10.09,1
21267,Marketing Manager,1,Associate,18.59,12.27,31.7,0,0,0,-19.43,1
21268,Software Engineer,13,Masters,42.98,42.23,64.99,0,0,0,-22.76,1
21269,Data Analyst,9,Bachelors,51.66,49.75,50.87,0,0,0,-1.12,1
21270,HR Specialist,13,Bachelors,53.51,37.03,25.97,0,0,0,11.06,1
21271,Software Engineer,5,Masters,43.78,50.47,42.75,0,0,0,7.72,1
21272,HR Specialist,8,Masters,38.47,20.87,41.46,0,0,0,-20.59,1
21273,Data Analyst,7,Masters,38.25,36.1,47.58,0,0,0,-11.48,1
21274,Marketing Manager,12,Masters,49.56,50.81,39.57,0,0,0,11.24,1
21275,Data Analyst,10,Bachelors,59.48,67.05,58.04,1,0,1,9.01,0
21276,HR Specialist,20,Bachelors,60.01,51.3,58.85,0,0,0,-7.55,1
21277,Marketing Manager,19,Masters,63.19,53.56,70.89,0,1,1,-17.33,0
21278,Marketing Manager,2,Bachelors,8.23,0.66,3.34,0,0,0,-2.68,1
21279,Software Engineer,15,Associate,41.34,43.91,44.79,0,0,0,-0.88,1
21280,HR Specialist,12,Bachelors,38.24,26.03,44.78,0,0,0,-18.75,1
21281,HR Specialist,9,Bachelors,28.23,14.81,40.37,0,0,0,-25.56,1
21282,Data Analyst,16,Bachelors,56.62,56.2,60.07,0,0,0,-3.87,1
21283,Software Engineer,18,Masters,60.12,42.47,48.94,0,0,0,-6.47,1
21284,Marketing Manager,18,Associate,41.55,38.32,49.9,0,0,0,-11.58,1
21285,Marketing Manager,16,Bachelors,41.7,49.25,39.2,0,0,0,10.05,1
21286,HR Specialist,10,Associate,29.27,33.98,44.67,0,0,0,-10.69,1
21287,Software Engineer,10,PhD,78.88,76.47,72.94,1,1,1,3.53,1
21288,Data Analyst,8,Bachelors,30.74,31.52,31.02,0,0,0,0.5,1
21289,Marketing Manager,16,Masters,59.76,43.7,78.53,0,1,1,-34.83,0
21290,Marketing Manager,2,Bachelors,12.37,0.23,22.28,0,0,0,-22.05,1
21291,Software Engineer,10,Masters,54.6,50.21,60.25,0,0,0,-10.04,1
21292,Data Analyst,18,Masters,47.44,42.22,45.71,0,0,0,-3.49,1
21293,Software Engineer,1,Masters,16.95,16.03,29.45,0,0,0,-13.42,1
21294,Software Engineer,8,Bachelors,34.93,25.02,28.97,0,0,0,-3.95,1
21295,Software Engineer,17,Bachelors,53.03,41.59,38.24,0,0,0,3.35,1
21296,Data Analyst,11,Associate,20.97,6.92,23.9,0,0,0,-16.98,1
21297,Software Engineer,15,Associate,35.69,33.17,44.53,0,0,0,-11.36,1
21298,HR Specialist,2,PhD,30.47,18.54,22.12,0,0,0,-3.58,1
21299,Software Engineer,16,Bachelors,40.03,30.24,28.66,0,0,0,1.58,1
21300,Software Engineer,11,Bachelors,33.52,35.88,13.09,0,0,0,22.79,1
21301,HR Specialist,13,Associate,31.55,18.07,31.85,0,0,0,-13.78,1
21302,Software Engineer,3,Bachelors,9.87,15.49,1.79,0,0,0,13.7,1
21303,Marketing Manager,10,Associate,23.81,18.53,19.46,0,0,0,-0.93,1
21304,HR Specialist,13,Bachelors,34.07,33.38,39.72,0,0,0,-6.34,1
21305,Software Engineer,17,Associate,38.18,39.11,38.54,0,0,0,0.57,1
21306,HR Specialist,13,Associate,28.69,24.95,23.67,0,0,0,1.28,1
21307,HR Specialist,6,Masters,40.5,43.01,50.81,0,0,0,-7.8,1
21308,Marketing Manager,15,Bachelors,64.88,64.8,71.6,0,1,1,-6.8,0
21309,HR Specialist,4,Masters,40.45,43.64,51.34,0,0,0,-7.7,1
21310,HR Specialist,13,Masters,59.62,52.24,63.94,0,0,0,-11.7,1
21311,HR Specialist,12,Masters,79.51,78.74,90.39,1,1,1,-11.65,1
21312,HR Specialist,4,Bachelors,24.79,19.18,23.05,0,0,0,-3.87,1
21313,Software Engineer,3,Bachelors,7.4,5.37,10.52,0,0,0,-5.15,1
21314,Marketing Manager,12,Associate,27.47,39.2,43.27,0,0,0,-4.07,1
21315,HR Specialist,4,Bachelors,19.51,15.33,18.11,0,0,0,-2.78,1
21316,Software Engineer,17,Masters,72.21,71.14,71.14,1,1,1,0.0,1
21317,Data Analyst,11,Bachelors,36.01,19.36,40.72,0,0,0,-21.36,1
21318,Data Analyst,3,Masters,22.45,15.36,15.49,0,0,0,-0.13,1
21319,Software Engineer,20,Masters,69.6,70.46,69.95,1,0,1,0.51,0
21320,Data Analyst,18,Bachelors,52.48,58.1,55.61,0,0,0,2.49,1
21321,Software Engineer,7,Bachelors,46.47,48.33,59.97,0,0,0,-11.64,1
21322,Data Analyst,15,PhD,78.66,65.29,75.29,1,1,1,-10.0,1
21323,HR Specialist,4,Masters,31.71,32.34,28.89,0,0,0,3.45,1
21324,Data Analyst,15,PhD,72.39,83.53,66.33,1,0,1,17.2,0
21325,HR Specialist,8,Bachelors,15.6,0.0,29.94,0,0,0,-29.94,1
21326,HR Specialist,17,Bachelors,67.78,67.7,69.37,1,0,1,-1.67,0
21327,HR Specialist,15,Bachelors,57.68,51.65,71.77,0,1,1,-20.12,0
21328,Software Engineer,14,Bachelors,61.46,68.12,70.0,1,1,1,-1.88,1
21329,HR Specialist,5,Masters,38.72,29.27,44.66,0,0,0,-15.39,1
21330,HR Specialist,11,Bachelors,46.75,35.84,36.8,0,0,0,-0.96,1
21331,HR Specialist,1,Masters,15.61,19.23,13.24,0,0,0,5.99,1
21332,Data Analyst,20,Masters,78.88,81.38,82.66,1,1,1,-1.28,1
21333,Data Analyst,20,PhD,85.08,74.62,91.75,1,1,1,-17.13,1
21334,Marketing Manager,13,Masters,55.63,50.32,46.64,0,0,0,3.68,1
21335,HR Specialist,18,Associate,43.86,40.53,51.33,0,0,0,-10.8,1
21336,Marketing Manager,8,Masters,35.96,35.49,37.32,0,0,0,-1.83,1
21337,Data Analyst,8,PhD,41.29,35.31,38.27,0,0,0,-2.96,1
21338,Software Engineer,15,Masters,67.3,76.94,69.47,1,0,1,7.47,0
21339,Marketing Manager,8,Associate,17.54,21.32,18.12,0,0,0,3.2,1
21340,Software Engineer,20,PhD,88.46,87.26,91.2,1,1,1,-3.94,1
21341,HR Specialist,1,PhD,26.32,14.46,9.76,0,0,0,4.7,1
21342,Data Analyst,7,Bachelors,25.38,26.74,25.14,0,0,0,1.6,1
21343,HR Specialist,18,Masters,81.35,88.41,94.33,1,1,1,-5.92,1
21344,Software Engineer,4,Bachelors,24.48,11.43,17.0,0,0,0,-5.57,1
21345,Data Analyst,9,Masters,37.42,36.39,39.25,0,0,0,-2.86,1
21346,Marketing Manager,14,Bachelors,35.06,30.32,32.23,0,0,0,-1.91,1
21347,Marketing Manager,7,Bachelors,19.23,15.62,13.43,0,0,0,2.19,1
21348,Software Engineer,3,Bachelors,0.0,0.0,0.0,0,0,0,0.0,1
21349,Data Analyst,1,Bachelors,15.38,15.64,31.33,0,0,0,-15.69,1
21350,Software Engineer,5,Bachelors,25.02,13.13,30.96,0,0,0,-17.83,1
21351,Data Analyst,20,PhD,94.7,79.11,94.17,1,1,1,-15.06,1
21352,Software Engineer,18,Masters,74.72,68.62,84.24,1,1,1,-15.62,1
21353,Software Engineer,1,Bachelors,23.39,17.3,34.91,0,0,0,-17.61,1
21354,Data Analyst,20,PhD,75.76,74.72,67.08,1,0,1,7.64,0
21355,Data Analyst,11,Bachelors,43.89,46.92,53.27,0,0,0,-6.35,1
21356,HR Specialist,2,PhD,29.5,23.82,40.35,0,0,0,-16.53,1
21357,Data Analyst,13,Masters,37.42,27.45,46.54,0,0,0,-19.09,1
21358,Marketing Manager,3,Associate,7.87,1.75,7.93,0,0,0,-6.18,1
21359,HR Specialist,0,Bachelors,0.0,0.0,4.19,0,0,0,-4.19,1
21360,HR Specialist,1,Bachelors,11.52,18.8,17.23,0,0,0,1.57,1
21361,Data Analyst,0,Bachelors,33.42,32.81,23.8,0,0,0,9.01,1
21362,Marketing Manager,15,Masters,63.5,51.38,74.2,0,1,1,-22.82,0
21363,Software Engineer,7,Masters,31.78,27.03,18.88,0,0,0,8.15,1
21364,HR Specialist,1,Masters,32.96,39.42,42.49,0,0,0,-3.07,1
21365,Data Analyst,10,Masters,51.02,39.93,41.26,0,0,0,-1.33,1
21366,HR Specialist,14,Bachelors,51.36,53.21,51.24,0,0,0,1.97,1
21367,HR Specialist,13,Masters,59.44,51.88,78.32,0,1,1,-26.44,0
21368,HR Specialist,8,Bachelors,42.24,31.13,56.61,0,0,0,-25.48,1
21369,HR Specialist,5,Masters,45.65,42.39,37.19,0,0,0,5.2,1
21370,Data Analyst,7,PhD,38.41,41.54,44.53,0,0,0,-2.99,1
21371,HR Specialist,12,Masters,56.86,63.36,56.47,0,0,0,6.89,1
21372,Marketing Manager,3,Associate,11.42,1.31,4.63,0,0,0,-3.32,1
21373,HR Specialist,0,Masters,23.52,24.57,11.26,0,0,0,13.31,1
21374,HR Specialist,20,Bachelors,45.41,35.25,48.58,0,0,0,-13.33,1
21375,Marketing Manager,18,Masters,69.96,68.7,66.96,1,0,1,1.74,0
21376,HR Specialist,17,PhD,72.57,59.21,84.93,0,1,1,-25.72,0
21377,Marketing Manager,17,Bachelors,53.12,54.97,73.36,0,1,1,-18.39,0
21378,Marketing Manager,20,Bachelors,50.76,47.19,70.66,0,1,1,-23.47,0
21379,HR Specialist,20,Bachelors,78.56,70.82,83.58,1,1,1,-12.76,1
21380,HR Specialist,8,Bachelors,35.41,35.36,34.06,0,0,0,1.3,1
21381,HR Specialist,5,Bachelors,22.03,17.84,16.39,0,0,0,1.45,1
21382,Software Engineer,6,Bachelors,39.32,46.27,53.24,0,0,0,-6.97,1
21383,Marketing Manager,18,Masters,50.26,40.54,62.07,0,0,0,-21.53,1
21384,Marketing Manager,17,Bachelors,25.02,27.44,29.22,0,0,0,-1.78,1
21385,Marketing Manager,11,Masters,43.04,27.4,42.98,0,0,0,-15.58,1
21386,HR Specialist,19,Bachelors,59.24,35.51,52.12,0,0,0,-16.61,1
21387,HR Specialist,9,Masters,49.29,35.26,39.8,0,0,0,-4.54,1
21388,Software Engineer,17,Masters,67.68,74.07,64.65,1,0,1,9.42,0
21389,Software Engineer,12,Masters,48.28,48.69,62.11,0,0,0,-13.42,1
21390,HR Specialist,15,PhD,85.27,81.68,74.45,1,1,1,7.23,1
21391,HR Specialist,9,Bachelors,36.25,22.74,31.73,0,0,0,-8.99,1
21392,Data Analyst,18,Bachelors,61.54,67.57,58.35,1,0,1,9.22,0
21393,HR Specialist,2,Associate,3.13,0.0,1.0,0,0,0,-1.0,1
21394,Data Analyst,16,Bachelors,60.96,52.2,69.3,0,0,0,-17.1,1
21395,Software Engineer,5,Masters,33.21,22.05,22.84,0,0,0,-0.79,1
21396,Software Engineer,6,Bachelors,44.98,25.89,46.69,0,0,0,-20.8,1
21397,Software Engineer,5,Associate,10.44,3.88,30.65,0,0,0,-26.77,1
21398,Marketing Manager,11,Bachelors,37.2,37.01,58.14,0,0,0,-21.13,1
21399,Data Analyst,13,Masters,34.53,32.25,42.33,0,0,0,-10.08,1
21400,Software Engineer,10,Bachelors,58.37,58.11,56.44,0,0,0,1.67,1
21401,Marketing Manager,6,Masters,38.06,33.26,54.6,0,0,0,-21.34,1
21402,Marketing Manager,16,PhD,65.32,50.72,62.77,0,0,0,-12.05,1
21403,Software Engineer,4,PhD,76.72,66.67,70.52,1,1,1,-3.85,1
21404,Marketing Manager,7,Masters,45.45,38.13,50.32,0,0,0,-12.19,1
21405,Data Analyst,8,Bachelors,32.93,37.87,39.94,0,0,0,-2.07,1
21406,HR Specialist,15,Masters,78.52,78.29,74.17,1,1,1,4.12,1
21407,Software Engineer,19,Bachelors,47.6,34.53,47.45,0,0,0,-12.92,1
21408,Marketing Manager,5,Bachelors,41.09,48.11,52.06,0,0,0,-3.95,1
21409,Software Engineer,14,Masters,70.28,61.74,57.85,0,0,0,3.89,1
21410,Software Engineer,10,Bachelors,66.34,68.27,85.83,1,1,1,-17.56,1
21411,HR Specialist,15,Masters,72.87,74.04,90.32,1,1,1,-16.28,1
21412,Data Analyst,20,Masters,66.43,49.37,77.22,0,1,1,-27.85,0
21413,Marketing Manager,16,PhD,62.82,59.41,60.72,0,0,0,-1.31,1
21414,HR Specialist,1,Masters,35.14,29.22,46.73,0,0,0,-17.51,1
21415,Marketing Manager,15,Bachelors,71.73,55.93,75.72,0,1,1,-19.79,0
21416,Marketing Manager,18,Bachelors,61.93,52.42,67.68,0,0,0,-15.26,1
21417,Software Engineer,3,Associate,13.54,7.45,12.27,0,0,0,-4.82,1
21418,HR Specialist,2,Bachelors,27.05,19.76,47.33,0,0,0,-27.57,1
21419,Data Analyst,1,Bachelors,28.33,27.39,31.72,0,0,0,-4.33,1
21420,Software Engineer,16,Masters,62.34,44.54,63.98,0,0,0,-19.44,1
21421,Marketing Manager,10,Associate,37.44,33.98,32.04,0,0,0,1.94,1
21422,Marketing Manager,17,Bachelors,67.18,57.33,75.29,0,1,1,-17.96,0
21423,Software Engineer,14,PhD,68.04,69.98,65.63,1,0,1,4.35,0
21424,Marketing Manager,7,Masters,42.7,52.35,61.19,0,0,0,-8.84,1
21425,Software Engineer,14,Bachelors,53.15,41.92,49.64,0,0,0,-7.72,1
21426,Software Engineer,6,Masters,27.23,14.83,21.64,0,0,0,-6.81,1
21427,Marketing Manager,1,Masters,34.57,26.34,42.35,0,0,0,-16.01,1
21428,Data Analyst,5,Masters,38.88,31.25,41.12,0,0,0,-9.87,1
21429,HR Specialist,2,Bachelors,28.65,24.89,29.78,0,0,0,-4.89,1
21430,Marketing Manager,19,Bachelors,59.71,58.52,65.54,0,0,0,-7.02,1
21431,HR Specialist,19,Bachelors,61.17,50.11,45.12,0,0,0,4.99,1
21432,Data Analyst,10,Bachelors,45.69,44.01,60.24,0,0,0,-16.23,1
21433,Marketing Manager,14,Bachelors,31.58,20.46,25.51,0,0,0,-5.05,1
21434,HR Specialist,2,Masters,29.44,24.06,19.29,0,0,0,4.77,1
21435,HR Specialist,13,Masters,63.51,71.69,53.53,1,0,1,18.16,0
21436,HR Specialist,12,Masters,45.78,36.59,46.59,0,0,0,-10.0,1
21437,HR Specialist,10,Masters,49.88,37.91,65.45,0,0,0,-27.54,1
21438,HR Specialist,13,Masters,59.61,61.53,69.64,0,0,0,-8.11,1
21439,Software Engineer,10,Masters,38.29,34.39,44.45,0,0,0,-10.06,1
21440,Software Engineer,12,PhD,73.2,61.32,77.04,0,1,1,-15.72,0
21441,HR Specialist,16,Bachelors,59.1,38.33,68.75,0,0,0,-30.42,1
21442,HR Specialist,19,PhD,75.49,62.47,63.43,0,0,0,-0.96,1
21443,Data Analyst,12,Masters,64.13,67.59,75.22,1,1,1,-7.63,1
21444,Data Analyst,12,Masters,56.85,52.7,49.98,0,0,0,2.72,1
21445,HR Specialist,4,Bachelors,34.48,27.09,32.64,0,0,0,-5.55,1
21446,Software Engineer,20,Bachelors,64.61,42.31,62.25,0,0,0,-19.94,1
21447,Marketing Manager,4,Bachelors,18.21,16.97,10.89,0,0,0,6.08,1
21448,Data Analyst,15,Bachelors,40.3,22.26,52.81,0,0,0,-30.55,1
21449,Software Engineer,2,Masters,34.15,23.63,47.17,0,0,0,-23.54,1
21450,Marketing Manager,12,Masters,34.77,23.45,39.44,0,0,0,-15.99,1
21451,Software Engineer,18,Bachelors,69.51,58.06,59.79,0,0,0,-1.73,1
21452,Marketing Manager,14,PhD,69.32,70.15,66.94,1,0,1,3.21,0
21453,HR Specialist,8,Masters,46.98,40.13,41.89,0,0,0,-1.76,1
21454,HR Specialist,19,Masters,71.49,73.33,69.01,1,0,1,4.32,0
21455,Marketing Manager,6,Bachelors,22.4,19.63,24.36,0,0,0,-4.73,1
21456,Marketing Manager,0,Masters,34.11,19.57,27.9,0,0,0,-8.33,1
21457,HR Specialist,1,Bachelors,16.47,18.42,12.96,0,0,0,5.46,1
21458,Data Analyst,8,Associate,19.01,1.93,26.43,0,0,0,-24.5,1
21459,Marketing Manager,2,Masters,18.5,17.51,25.69,0,0,0,-8.18,1
21460,Marketing Manager,18,Bachelors,57.88,53.97,90.86,0,1,1,-36.89,0
21461,Marketing Manager,17,PhD,83.05,83.07,91.9,1,1,1,-8.83,1
21462,Data Analyst,18,Masters,76.45,77.5,85.04,1,1,1,-7.54,1
21463,Software Engineer,14,Masters,70.5,58.53,68.44,0,0,0,-9.91,1
21464,Software Engineer,5,Bachelors,28.47,26.54,39.47,0,0,0,-12.93,1
21465,Software Engineer,20,Masters,53.85,44.02,76.19,0,1,1,-32.17,0
21466,Software Engineer,7,Associate,19.12,5.25,24.8,0,0,0,-19.55,1
21467,HR Specialist,0,Bachelors,25.38,19.2,22.69,0,0,0,-3.49,1
21468,HR Specialist,3,Associate,0.0,6.24,3.87,0,0,0,2.37,1
21469,Data Analyst,11,Bachelors,27.67,24.79,15.2,0,0,0,9.59,1
21470,Software Engineer,17,Bachelors,60.62,44.67,51.85,0,0,0,-7.18,1
21471,Marketing Manager,20,Masters,65.76,46.55,78.44,0,1,1,-31.89,0
21472,HR Specialist,20,Masters,81.62,63.52,89.56,0,1,1,-26.04,0
21473,Software Engineer,5,Masters,36.9,30.59,36.33,0,0,0,-5.74,1
21474,HR Specialist,12,PhD,50.73,40.32,57.08,0,0,0,-16.76,1
21475,Software Engineer,16,Masters,46.55,28.54,54.64,0,0,0,-26.1,1
21476,HR Specialist,20,Masters,76.47,80.35,74.85,1,1,1,5.5,1
21477,Marketing Manager,4,Bachelors,20.81,14.29,6.68,0,0,0,7.61,1
21478,HR Specialist,0,Bachelors,30.18,33.57,51.14,0,0,0,-17.57,1
21479,Marketing Manager,15,Masters,74.03,67.06,84.42,1,1,1,-17.36,1
21480,HR Specialist,12,Bachelors,33.06,13.25,32.42,0,0,0,-19.17,1
21481,HR Specialist,19,Bachelors,58.31,52.5,51.53,0,0,0,0.97,1
21482,Data Analyst,6,Bachelors,29.15,11.12,31.74,0,0,0,-20.62,1
21483,Marketing Manager,13,Associate,40.56,31.61,44.93,0,0,0,-13.32,1
21484,HR Specialist,4,Bachelors,25.85,1.31,31.19,0,0,0,-29.88,1
21485,Software Engineer,15,Bachelors,74.86,65.26,87.42,1,1,1,-22.16,1
21486,Marketing Manager,5,Masters,47.32,38.06,39.92,0,0,0,-1.86,1
21487,Data Analyst,7,Bachelors,8.32,8.7,17.94,0,0,0,-9.24,1
21488,Software Engineer,19,Associate,48.53,34.89,45.63,0,0,0,-10.74,1
21489,HR Specialist,1,Masters,38.53,34.73,40.63,0,0,0,-5.9,1
21490,Marketing Manager,3,Bachelors,20.72,10.58,12.04,0,0,0,-1.46,1
21491,Software Engineer,5,Bachelors,19.18,4.3,20.95,0,0,0,-16.65,1
21492,Software Engineer,14,Masters,58.61,54.36,63.09,0,0,0,-8.73,1
21493,Software Engineer,1,PhD,32.35,25.55,35.64,0,0,0,-10.09,1
21494,Data Analyst,13,Bachelors,36.67,26.23,34.34,0,0,0,-8.11,1
21495,Data Analyst,5,Bachelors,21.23,13.27,19.91,0,0,0,-6.64,1
21496,HR Specialist,9,Masters,53.98,52.07,65.74,0,0,0,-13.67,1
21497,Marketing Manager,3,Bachelors,21.94,11.39,28.81,0,0,0,-17.42,1
21498,Marketing Manager,7,Bachelors,35.89,41.45,43.92,0,0,0,-2.47,1
21499,HR Specialist,8,Masters,41.82,19.28,46.55,0,0,0,-27.27,1
